,title
0,"['تأثیر', 'کووید-', 'آسیب', 'پذیری', 'کشورها', 'سطوح', 'درآمدی', 'مختلف', 'رویکرد', 'رگرسیون', 'انتقال', 'ملایم', 'پانلی']"
1,"['تخمین', 'سهم', 'عوامل', 'موثر', 'سوءتخصیص', 'سرمایه', 'شواهدی', 'کارگاه', 'صنعتی']"
2,"['همبستگی', 'انرژی', 'محیط', 'زیست', 'کشورهای', 'منتخب', 'آسیایی', 'کاربردی', 'الگوی', 'معادلات', 'همزمان', 'فضایی', 'پانل']"
3,"['نحوه', 'اثرگذاری', 'اجزای', 'منابع', 'نقدینگی', 'رهیافت', 'DSGE']"
4,"['ریسک', 'تغییرات', 'اقلیمی', 'عملکرد', 'تغییر', 'اقلیم', 'ارزش', 'افزوده', 'بخش', 'کشاورزی']"
5,"['مقایسه', 'توسعه', 'بازار', 'صکوک', 'سودآوری', 'بانک-ها', 'بانک', 'اسلامی', 'متعارف']"
6,"['نقش', 'سوگیری', 'شناختی', 'سیاست', 'گذاری', 'تغییر', 'اقلیم', 'استفاده', 'نظریه', 'رفتاری']"
7,"['تحریم', 'عرضه', 'تقاضای', 'مسکن', 'کانال', 'نرخ', 'ارز']"
8,"['وابستگی', 'ساختاری', 'بین', 'بازارهای', 'رمزارز', 'بورس', 'اوراق', 'بهادار', 'تهران', 'رویکرد', 'ترکیبی', 'تجزیه', 'مود', 'متغیر', 'کاپولا', 'VMD-', 'Copula']"
9,"['مورفولوژی', 'شهری', 'تقاضای', 'حمل', 'ونقل', 'شهری', 'تأکید', 'شکل', 'شبکه', 'معابر', 'شهری', 'مطالعه', 'موردی', 'شهر', 'اصفهان']"
10,"['تأثیر', 'بلایای', 'طبیعی', 'امنیت', 'انرژی']"
11,"['عوامل', 'رفتاری', 'غیررفتاری', 'مؤثر', 'قیمت', 'مسکن', 'تورم']"
12,"['تأثیر', 'اشتغال', 'بخش', 'خدمات', 'نابرابری', 'درآمدی', 'استان']"
13,"['پیدایش', 'مناطق', 'بین', 'المللی', 'راستای', 'انسجام', 'جهانی']"
14,"['کاربرد', 'رهیافت', 'مارکوف-', 'سوئیچینگ', 'فرضیه', 'رشد', 'واردات', 'تولید', 'رشد', 'صادرات', 'تولید']"
15,"['تأثیر', 'لایه', 'نظام', 'تأمین', 'اجتماعی', 'عدالت', 'اقتصادی-اسلامی', 'تأکید', 'تکافل']"
16,"['رابطه', 'بیکاری', 'جرم', 'جنایت', 'شهرستان', 'رهیافت', 'اقتصادسنجی', 'فضایی']"
17,"['تأثیر', 'آستانه', 'عوامل', 'مؤثر', 'نسبت', 'چشم', 'پوشی', 'تأکید', 'بدهی', 'دولت']"
18,"['ارتباط', 'بین', 'سرمایه', 'انسانی', 'رشد', 'کیفیت', 'زیست', 'محیطی', 'تأکید', 'مخارج', 'آموزش', 'عمومی', 'کاربردی', 'الگوهای', 'DSGE']"
19,"['حساسیت', 'اضافی', 'توسعه', 'مالی', 'مطالعه', 'موردی', 'خانوارها']"
20,"['نگاه', 'پویایی', 'شناسانه', 'عوامل', 'موجد', 'فقر', 'جمهوری', 'اسلامی']"
21,"['طراحی', 'یک', 'الگوی', 'هشدار', 'بحران', 'ارزی', 'رویکرد', 'پروبیت']"
22,"['رانت', 'منابع', 'طبیعی', 'توسعه', 'مالی', 'آزمون', 'فرضیه', 'نفرین', 'منابع', 'مالی']"
23,"['رابطه', 'پیشرفت', 'اجتماعی', 'رشد', 'مبتنی', 'الگوی', 'معادلات', 'همزمان', 'داده', 'تابلویی']"
24,"['معافیت', 'مالیاتی', 'روی', 'مخارج', 'تحقیق', 'توسعه']"
25,"['رابطه', 'سرمایه', 'گذاری', 'مستقیم', 'خارجی', 'جرایم', 'خشن', 'شواهدی', 'استان']"
26,"['جایگاه', 'سیاست', 'مالی', 'عنوان', 'مکانیسم', 'انتشار', 'پویایی', 'قیمت', 'نفت', 'شواهدی', 'آنالیز', 'موجک', 'چندگانه', 'جزئی']"
27,"['فناوری', 'اطلاعات', 'ارتباطات', 'ردپای', 'اکولوژیکی', 'کشورهای', 'صادرکننده', 'نفت']"
28,"['واکاوی', 'نامتقارن', 'ریسک', 'سیاسی', 'نرخ', 'ارز', 'نرخ', 'تورم', 'توسعه', 'صنعت', 'گردشگری']"
29,"['پویایی', 'روابط', 'مصرف', 'برق', 'محیطی', 'رشد', 'رویکرد', 'ضرایب', 'پارامتر', 'طی', 'زمان']"
30,"['تأثیر', 'پیچیدگی', 'ردپای', 'اکولوژیکی', 'رشد', 'کشورهای', 'اوپک']"
31,"['ارائۀ', 'مدل', 'سیستمی', 'یکپارچه', 'توسعۀ', 'پایدار', 'منطقۀ', 'خراسان', 'رضوی']"
32,"['برآورد', 'سهم', 'کانال', 'نرخ', 'ارز', 'اثرگذاری', 'حجم', 'تجارت', 'خارجی', 'رشد', 'تورم']"
33,"['انتشار', 'ارز', 'دیجیتال', 'ملی', 'سیاست', 'پولی', 'استفاده', 'روش', 'پویایی', 'سیستم']"
34,"['تأمین', 'مالی', 'زیرساخت', 'شهری', 'کلان', 'شهرهای', 'تأکید', 'اندازۀ', 'شهر', 'مطالعۀ', 'موردی', 'کلان', 'شهر', 'اصفهان']"
35,"['مدل', 'سازی', 'شبکه', 'تبادل', 'برق', 'همسایگان', 'غربی', 'استفاده', 'رویکرد', 'بهینه', 'یابی']"
36,"['شواهد', 'جدیدی', 'تأثیر', 'جهانی', 'شدن', 'فساد', 'کاربردی', 'مدل', 'انتقال', 'ملایم', 'آستانه', 'پانلی']"
37,"['مطالعۀ', 'تطبیقی', 'مداخلات', 'ارزی', 'مکزیک', 'ترکیه']"
38,"['برآورد', 'عرضه', 'تقاضای', 'نیروی', 'کار', 'سال']"
39,"['شاخص', 'کارآفرینی', 'اشتغال', 'استان', 'رهیافت', 'اقتصادسنجی', 'فضایی']"
40,"['تأثیر', 'غیرمستقیم', 'گردشگری', 'آسیب', 'پذیری', 'منتخبی', 'کشورهای', 'درحال', 'توسعه', 'رویکرد', 'غیرخطی', 'PSTR']"
41,"['تأثیر', 'پیچیدگی', 'مصرف', 'انرژی', 'تجدیدپذیر', 'برآلودگی', 'زیست', 'محیطی', 'کشورهای', 'حال', 'توسعه']"
42,"['محدودیت', 'نهادی', 'تأثیر', 'صادرات', 'کالاهای', 'زیست', 'محیطی', 'کشورهای', 'حال', 'توسعه']"
43,"['تأثیر', 'شوک', 'قیمت', 'نفت', 'مؤلفه', 'بازار', 'کار']"
44,"['نقش', 'متنوع', 'سازی', 'شرکای', 'تجاری', 'میزان', 'اثربخشی', 'نوسانات', 'بین', 'المللی']"
45,"['تبیین', 'رابطه', 'غیرخطی', 'بین', 'خلق', 'پول', 'حاکمیت', 'قانون', 'رویکرد', 'آستانه', 'PSTR']"
46,"['ارزیابی', 'سرریز', 'تلاطم', 'ناشی', 'اپیدمی', 'کووید', 'بازده', 'سهام', 'چند', 'کشور', 'منتخب']"
47,"['مخارج', 'سلامت', 'عمومی', 'متغیرهای', 'کلان', 'شرایط', 'شیوع', 'یک', 'بیماری', 'همه', 'گیر', 'کاربردی', 'الگوی', 'کینزی', 'جدید']"
48,"['ظرفیت', 'سنجی', 'تشکیل', 'سرمایه', 'بخشی', 'استان', 'اصفهان', 'براساس', 'مدل', 'داده', 'ستانده', 'پویای', 'بین', 'منطقه']"
49,"['هدفمندسازی', 'شرایط', 'اطلاعات', 'ناقص', 'محدودیت', 'بودجه', 'مطالعه', 'موردی', 'خانوارهای', 'روستایی']"
50,"['تأثیر', 'تجارت', 'خارجی', 'تغییرات', 'بهره', 'وری', 'نیروی', 'کار', 'یک', 'داده-ستانده']"
51,"['زیست', 'محیطی', 'استخراج', 'بیت', 'کوین', 'استفاده', 'روش', 'پویایی', 'سیستم']"
52,"['رابطه', 'بین', 'گذار', 'سالخوردگی', 'جمعیت', 'آلودگی', 'هوا', 'کاربردی', 'روش', 'گشتاورهای', 'تعمیم', 'یافته', 'سری', 'زمانی']"
53,"['سیاسی', 'تغییرات', 'لایحۀ', 'بودجه', 'اعتبارات', 'تملک', 'دارایی', 'سرمایه', 'مجلس', 'شورای', 'اسلامی']"
54,"['مطالعه', 'تطبیقی', 'روش', 'مختلف', 'تعیین', 'توان', 'اشتغال', 'زایی', 'بخش', 'مطالعه', 'موردی']"
55,"['شاخص', 'پیچیدگی', 'سطح', 'تولید', 'ناخالص', 'داخلی']"
56,"['عوامل', 'مؤثر', 'رشد', 'تأکید', 'توان', 'خانوار', 'مواجهه', 'ریسک', 'رویکرد', 'رگرسیون', 'انتقال', 'ملایم']"
57,"['علل', 'تداوم', 'سیاست', 'تورم', 'زا', 'منظر', 'سطح', 'تحلیلی', 'توسعه']"
58,"['تبیین', 'جایگاه', 'ماتریس', 'حسابداری', 'اجتماعی', 'مالی']"
59,"['برآورد', 'شاخص', 'آسیب', 'پذیری', 'برده', 'داری', 'نوین', 'کشور', 'تفکیک', 'مناطق', 'شهری', 'روستایی', 'روش', 'فازی']"
60,"['عوامل', 'تأثیرگذار', 'سرعت', 'همگرایی', 'شاخص', 'فلاکت', 'استان', 'طی', 'دوره']"
61,"['تأثیر', 'شاخص', 'توسعه', 'انسانی', 'سیاسی', 'آزادی', 'مدنی', 'کیفیت', 'محیط', 'زیست']"
62,"['تأثیر', 'خصوصی', 'سازی', 'آلودگی', 'محیط', 'زیست', 'کاربرد', 'روش', 'TVP-VAR']"
63,"['نقش', 'صندوق', 'سرمایه', 'گذاری', 'رشد']"
64,"['تأثیر', 'اعمال', 'مالیات', 'خدمات', 'مالی', 'رشد']"
65,"['تأثیر', 'سرمایه', 'گذاری', 'مستقیم', 'خارجی', 'نرخ', 'ارز', 'گردشگری', 'شواهدی', 'رویکرد', 'NARDL']"
66,"['کلید', 'حل', 'معمای', 'فسادمالی', 'جنسیت', 'دولت', 'ادیان', 'تأثیر', 'آنها']"
67,"['شاخص', 'تمرکز', 'سودآوری', 'سیستم', 'بانکی', 'کشورهای', 'عضو', 'سازمان', 'همکاری', 'اسلامی']"
68,"['شوک', 'سیاست', 'پولی', 'حباب', 'قیمت', 'سهام', 'کاربرد', 'روش', 'خودرگرسیون', 'برداری', 'ساختاری', 'پارامتر', 'متغیر', 'زمان', 'TVP-SVAR']"
69,"['شاخص', 'ترکیبی', 'جامع', 'آسیب', 'پذیری', 'تاب', 'آوری', 'گروه', 'کشورهای', 'منتخب', 'MENA', 'رویکرد', 'نظریه', 'گراف']"
70,"['ارزیابی', 'تغییرات', 'اقلیم', 'گسترش', 'ناامنی', 'غذایی', 'تأکید', 'نقش', 'مدیریت', 'منابع', 'آب', 'دشت', 'همدان-', 'بهار']"
71,"['فقر', 'چند', 'بعدی', 'کودکان', 'منظر', 'اهداف', 'توسعۀ', 'پایدار']"
72,"['طراحی', 'الگوی', 'تعادل', 'عمومی', 'پویای', 'تصادفی', 'باز', 'جهت', 'تأثیر', 'سیاست', 'پولی', 'متغیرهای', 'کلان']"
73,"['مدل', 'سازی', 'تأثیر', 'سیاست', 'پولی', 'الگوهای', 'مختلف', 'نرخ', 'بازپرداخت', 'تسهیلات', 'متغیرهای', 'کلان', 'استفاده', 'رویکرد', 'عامل', 'بنیان']"
74,"['ارزیابی', 'گسترش', 'دولت', 'الکترونیک', 'بهره', 'وری', 'نیروی', 'کار', 'مطالعه', 'موردی', 'کشورهای', 'حال', 'توسعه']"
75,"['فضایی', 'آزادسازی', 'تجاری', 'نرخ', 'بیکاری', 'استان']"
76,"['الگوی', 'داده-ستانده', 'نیمه', 'بسته', 'مصرف', 'نیمه', 'درونزا', 'مطالعه', 'موردی']"
77,"['ارزیابی', 'تغییرات', 'ساختاری', 'نابرابری', 'منطقه', 'استان']"
78,"['بهینه', 'سازی', 'شبکه', 'زنجیره', 'تأمین', 'سبز', 'چندسطحی-چندمحصولی', 'فرآوری', 'آبزیان']"
79,"['ابعاد', 'سه', 'گانه', 'ریسک', 'اعتباری', 'بانک', 'تأکید', 'موقعیت', 'جغرافیایی', 'بنگاه']"
80,"['شاخص', 'توسعه', 'بخش', 'بانکی', 'ثبات', 'بانک', 'ایرانی', 'تأکید', 'عامل', 'کارآیی']"
81,"['یارانه', 'انرژی', 'تحقق', 'توسعه', 'پایدار', 'استفاده', 'مدل', 'تصمیم', 'گیری', 'چند', 'معیاره', 'MADM', 'رویکردهای', 'ارزیابی', 'TOPSIS', 'VIKOR', 'مطالعه', 'موردی', 'کشورهای', 'چین', 'هندوستان', 'عربستان', 'روسیه', 'آلمان', 'آمریکا', 'ژاپن']"
82,"['شبیه', 'سازی', 'اعمال', 'اصلاحات', 'پارامتریک', 'جهت', 'بهبود', 'ناترازی', 'مالی', 'نظام', 'بازنشستگی']"
83,"['تأثیرات', 'تحریم', 'مالی']"
84,"['افزایش', 'نرخ', 'ارز', 'تأثیر', 'برخی', 'متغیرهای', 'کلان', 'شرایط', 'تحریم']"
85,"['تحریم', 'وضعیت', 'درآمدهای', 'نفتی', 'درجه', 'عبور', 'نرخ', 'ارز']"
86,"['تعیین', 'بخش', 'کلیدی', 'استان', 'یزد', 'برمبنای', 'داده', 'ستانده', 'دو', 'منطقه']"
87,"['تأثیر', 'غیرخطی', 'آستانه', 'صادرات', 'فناوری', 'پیشرفته', 'متوسط', 'بهره', 'وری', 'کل', 'عوامل', 'منتخبی', 'کشورهای', 'حال', 'توسعه', 'توسعه', 'یافته', 'رویکرد', 'رگرسیون', 'انتقال', 'ملایم', 'پانلی', 'PSTR']"
88,"['رابطه', 'بین', 'رشد', 'مصرف', 'انرژی', 'ردپای', 'اکولوژیکی', 'منتخبی', 'کشورهای', 'توسعه', 'یافته', 'درحال', 'توسعه']"
89,"['تأثیر', 'نامتقارن', 'نااطمینانی', 'سیاست', 'قیمت', 'نفت', 'انتشار', 'دی', 'اکسید', 'کربن']"
90,"['اندازه', 'گیری', 'میزان', 'رقابت', 'پذیری', 'صنعت', 'برق', 'رویکرد', 'ساختاری', 'غیرساختاری', 'هدف', 'دستیابی', 'رشد', 'پایدار']"
91,"['آسیب', 'شناسی', 'ناترازی', 'مالی', 'نظام', 'بازنشستگی', 'لحاظ', 'بیماریهای', 'نوپدید', 'پدیده', 'سالمندی', 'جمعیت']"
92,"['ثبات', 'مالی', 'صنعت', 'بیمه', 'متغیرهای', 'کلان']"
93,"['عوامل', 'مؤثر', 'جانشینی', 'پول', 'تأکید', 'نااطمینانی', 'تورمی']"
94,"['بی', 'ثباتی', 'مالی', 'مدل', 'پویا', 'مطالعه', 'موردی', 'کشورهای', 'خاورمیانه']"
95,"['پویایی', 'رابطۀ', 'علی', 'بین', 'مؤلفه', 'سیاست', 'مالی', 'شواهدی', 'نوین', 'رویکرد', 'موجک']"
96,"['تأثیر', 'سیاست', 'ارز', 'ترجیحی', 'مصرف', 'مواد', 'غذایی', 'مناطق', 'شهری']"
97,"['آینده', 'پژوهی', 'جایگاه', 'مدیریت', 'شهری', 'توسعه', 'کسب', 'کارهای', 'کوچک', 'شهری', 'نمونه', 'مورد', 'مطالعه', 'کسب', 'وکارهای', 'کوچک', 'تولیدی', 'خدمات', 'فنی', 'شهر', 'تهران']"
98,"['اندازه', 'گیری', 'سرمایه', 'دانش', 'بنیان', 'صنایع', 'کارخانه']"
99,"['ارزیابی', 'کیفیت', 'برابری', 'فراگیری', 'آموزش', 'توسعه', 'پایدار', 'استان']"
100,"['تأثیر', 'آسیب', 'پذیری', 'ساختاری', 'جذب', 'سرمایه', 'گذاری', 'مستقیم', 'خارجی', 'کشورهای', 'منطقه', 'منا']"
101,"['شناسایی', 'فرصتهای', 'رشد', 'سبز', 'یک', 'داده-', 'ستانده', 'انرژی', 'چند', 'عاملی']"
102,"['نقش', 'شاخص', 'تجارت', 'درون', 'صنعتی', 'تعامل', 'نرخ', 'ارز', 'تراز', 'تجاری', 'استفاده', 'مدل', 'رگرسیون', 'گذار', 'ملایم']"
103,"['ارزیابی', 'شاخص', 'رفاه', 'پایدار', 'SWI', 'آستانه', 'عوامل', 'مؤثر', 'استفاده', 'الگوی', 'رگرسیون', 'انتقال', 'ملایم']"
104,"['منافع', 'عضویت', 'سازمان', 'همکاری', 'شانگهای', 'رویکرد', 'تعادل', 'عمومی', 'قابل', 'محاسبه']"
105,"['پیامدهای', 'نادیده', 'گرفتن', 'خانوار', 'غیرریکاردویی', 'سیاست', 'پولی', 'بهینه', 'رمزی', 'متغیرهای', 'کلان', 'قالب', 'الگوی', 'DSGE']"
106,"['غیرخطی', 'نابرابری', 'توزیع', 'درآمد', 'فرار', 'مغزها', 'کشورهای', 'درحال', 'توسعه']"
107,"['واکنش', 'سفته', 'بازی', 'بازار', 'مسکن', 'شوک', 'برونزا']"
108,"['نقش', 'بخش', 'بانکی', 'پویایی', 'بخش', 'کلان', 'قالب', 'یک', 'مدل', 'تعادل', 'عمومی', 'تصادفی', 'پویا']"
109,"['تأثیر', 'سرمایه', 'گذاری', 'مسکن', 'رشد', 'کاربردی', 'رهیافت', 'GMM', 'سری', 'زمانی']"
110,"['توسعه', 'آموزش', 'عالی', 'شکاف', 'جنسیتی', 'تحصیل']"
111,"['زنجیره', 'جهانی', 'ارزش', 'بهبود', 'عملکرد', 'زیست', 'محیطی', 'کشورهای', 'حال', 'توسعه']"
112,"['تمیز', 'خوشه', 'صنایع', 'غذایی', 'اساس', 'مؤلفه', 'دایره']"
113,"['سنجش', 'روابط', 'بین', 'بخشی', 'آب', 'انرژی', 'دو', 'منطقه', 'اصفهان', 'یزد', 'اساس', 'رویکرد', 'داده', 'ستانده', 'دو', 'منطقه']"
114,"['پویایی', 'غیرخطی', 'تغییرات', 'ناگهانی', 'پارامتر', 'تابع', 'تقاضای', 'پول']"
115,"['سرمایه', 'انسانی', 'آلودگی', 'هوا', 'رهیافت', 'GMM', 'سری', 'زمانی', 'منطق', 'فازی']"
116,"['سرمایه', 'انسانی', 'ارزش', 'افزوده', 'ارائه', 'راهکارهای', 'مناسب', 'جهت', 'ارتقاء']"
117,"['مطالعه', 'تأثیر', 'فناوری', 'اطلاعات', 'ارتباطات', 'توزیع', 'درآمد', 'ناآرامی', 'اجتماعی']"
118,"['مقایسه', 'قراردادهای', 'بین', 'المللی', 'خدماتی', 'مشارکت', 'تولید', 'صنعت', 'نفت', 'عراق', 'منظر', 'کارآیی', 'قراردادها']"
119,"['نقش', 'بی', 'ثباتی', 'کلان', 'نابرابری', 'درآمد']"
120,"['تأثیر', 'توسعه', 'مالی', 'ثبات', 'مالی', 'رشد', 'استفاده', 'رهیافت', 'گشتاورهای', 'تعمیم', 'یافته']"
121,"['واکنش', 'سیاست', 'پولی', 'مالی', 'شکاف', 'تولید', 'رویکرد', 'قاعده', 'تیلور', 'روش', 'کوانتایل']"
122,"['منطقه', 'آزاد', 'انزلی', 'رشد', 'توسعه', 'استان', 'گیلان']"
123,"['برآورد', 'بازگشتی', 'انرژی', 'گستره']"
124,"['سیاست', 'افزایش', 'قیمت', 'بنزین', 'پرداخت', 'یارانه', 'معیشتی', 'شاخص', 'قیمت', 'کالاهای', 'مصرفی', 'رفاه', 'گروه', 'مختلف', 'خانوارهای', 'شهری', 'روستایی']"
125,"['ارزیابی', 'ریسک', 'فروش', 'نفت', 'روپیه', 'یوان', 'یورو', 'مطالعه', 'موردی', 'درآمدهای', 'نفت']"
126,"['تعیین', 'اثرشوک', 'بهره', 'وری', 'شوک', 'نوسان', 'درآمد', 'ارزی', 'سبد', 'دارایی', 'خانوار', 'رویکرد', 'تعادل', 'عمومی', 'پویای', 'تصادفی', 'SGE']"
127,"['واکاوی', 'تغییر', 'نرخ', 'سود', 'سپرده', 'بانکی', 'متغیرهای', 'کلان', 'چارچوب', 'الگوی', 'اقتصادسنجی', 'کلان', 'ساختاری']"
128,"['تأثیر', 'آستانه', 'تمرکززدایی', 'مالی', 'ترکیبی', 'رشد', 'استان', 'رویکرد', 'رگرسیون', 'انتقال', 'ملایم', 'تابلویی', 'PSTR']"
129,"['تأثیر', 'دموکراسی', 'فساد', 'جذب', 'سرمایه', 'گذاری', 'مستقیم', 'خارجی', 'کشورهای', 'غرب', 'شرق', 'آسیا']"
130,"['تأثیر', 'نهادهای', 'رسمی', 'غیررسمی', 'توسعه', 'کارآفرینی', 'کشورهای', 'منطقه', 'منا']"
131,"['تأثیر', 'پیچیدگی', 'عملکرد', 'زیست', 'محیطی', 'کشورهای', 'منطقه', 'منا']"
132,"['رابطه', 'بین', 'شاخص', 'قیمت', 'صادراتی', 'رشد', 'کاربرد', 'الگوی', 'خود', 'رگرسیون', 'برداری', 'ساختاری', 'SVAR', 'گراف', 'جهت', 'دار', 'غیرمدور', 'DAG']"
133,"['تأثیر', 'کمک', 'رسمی', 'توسعه', 'دوجانبه', 'توسعه', 'انسانی', 'کشورهای', 'منتخب', 'آسیایی']"
134,"['جهانی', 'سازی', 'مصرف', 'انرژی', 'تخریب', 'محیط', 'زیست', 'شواهد', 'تجربی', 'آزمون', 'انباشتگی', 'مکی']"
135,"['شفافیت', 'بانک', 'مرکزی', 'نوسانات', 'نرخ', 'ارز']"
136,"['کارآیی', 'نظام', 'ملی', 'نوآوری', 'کشورهای', 'منتخب']"
137,"['زمانی', 'شدت', 'تحریم', 'سازمان', 'ملل', 'ایالات', 'متحده', 'شاخص', 'فلاکت', 'کشورهای', 'هدف']"
138,"['تأثیر', 'نوآوری', 'فناوری', 'رشد', 'قیمت', 'جهانی', 'نفت', 'خام', 'باز', 'بودن', 'تجارت', 'مصرف', 'انرژی']"
139,"['تأثیر', 'سرمایه', 'اجتماعی', 'مطالبات', 'بانکی', 'بخش', 'خصوصی', 'دولتی', 'تأکید', 'کارآیی', 'مخارج', 'دولت']"
140,"['برآوردی', 'درجه', 'عبور', 'نرخ', 'ارز', 'قیمت', 'داخلی', 'کاربردی', 'مدل', 'پارامتر', 'متغیر']"
141,"['عدم', 'تقارن', 'تکانه', 'قیمت', 'نفت', 'ریسک', 'اعتباری', 'بانک']"
142,"['اندازه', 'دولت', 'رشد', 'رهیافت', 'علیت', 'گرنجر', 'مارکوف', 'سوئیچینگ']"
143,"['طبقه', 'بندی', 'استان', 'منظر', 'شاخص', 'دانش', 'بنیان', 'منطقه', 'استفاده', 'الگوریتم', 'خوشه', 'بندی', 'k-means', 'c-means', 'فازی']"
144,"['تمرکززدایی', 'مالی', 'تعادل', 'عمودی', 'توسعه', 'منطقه', 'مطالعه', 'موردی', 'استان']"
145,"['ارزیابی', 'تنظیم', 'گری', 'بورس', 'کالای', 'نوسانات', 'قیمت', 'کالاها']"
146,"['کارآیی', 'آموزش', 'عالی', 'راستای', 'دستیابی', 'توسعه', 'پایدار']"
147,"['سرمایه', 'گذاری', 'مستقیم', 'خارجی', 'عامل', 'تعیین', 'کننده', 'توسعه', 'پایدار', 'کشورهای', 'حال', 'توسعه', 'کشورهای', 'دارای', 'بازارهای', 'نوظهور']"
148,"['صادرات', 'ضمنی', 'یارانه', 'حامل', 'انرژی']"
149,"['مقایسه', 'روش', 'مختلف', 'پیش', 'بینی', 'رشد', 'تأکید', 'مدل', 'گزینشی', 'نمودن', 'متوسط', 'گیری', 'الگوی', 'پویا']"
150,"['مقایسه', 'ساختار', 'ملی', 'استانی', 'استفاده', 'رویکرد', 'داده-ستانده']"
151,"['مخارج', 'دولت', 'رشد', 'منطقه', 'رهیافت', 'سنجی', 'فضایی']"
152,"['نقش', 'عامل', 'توسعه', 'مالی', 'چگونگی', 'اثرگذاری', 'قیمت', 'نفت', 'روی', 'رانت', 'نفت', 'رانت', 'گاز']"
153,"['عوامل', 'مؤثر', 'نابرابری', 'توزیع', 'درآمد', 'استانی', 'رهیافت', 'پانل', 'پروبیت', 'کسری']"
154,"['رابطه', 'بین', 'چرخه', 'اعتباری', 'چرخه', 'تجاری']"
155,"['اثرناهمگن', 'نرخ', 'ارز', 'قیمت', 'بکارگیری', 'داده', 'خرد', 'شرکت', 'ایرانی']"
156,"['تفاوت', 'اثرپذیری', 'تورم', 'پول', 'درونزا', 'پول', 'برونزا', 'رهیافت', 'طیفی']"
157,"['برآورد', 'فرار', 'سرمایه', 'عوامل', 'مؤثر', 'رویکردی', 'جدید', 'طی', 'سالهای']"
158,"['تغییرات', 'کیفیت', 'نهادی', 'ناشی', 'تکانه', 'نفتی', 'پویایی', 'کلان']"
159,"['سرمایه', 'انسانی', 'پیچیدگی']"
160,"['آزمون', 'مدل', 'کمیت', 'کیفیت', 'فرزندان', 'خانواده', 'شهری']"
161,"['عوامل', 'مؤثر', 'سوءتغذیه', 'کاربرد', 'رهیافت', 'خود', 'رگرسیو', 'وقفه', 'گسترده']"
162,"['برآورد', 'شکاف', 'مصرف', 'آب', 'خانگی', 'استان', 'برخوردار', 'منتخب', 'رویکرد', 'پانل', 'فضایی']"
163,"['رویکرد', 'تنظیم', 'سقف', 'قیمت', 'راستای', 'ارتقای', 'بهره', 'وری', 'شرکت', 'آب', 'فاضلاب', 'شهری']"
164,"['کوتاه', 'مدت', 'آلودگی', 'هوا', 'مرگ', 'ومیر', 'شش', 'کلان', 'شهر']"
165,"['مطالعه', 'هزینه', 'تحمل', 'ناپذیر', 'سلامت', 'میزان', 'زایش', 'فقر', 'خانوارها', 'چارچوب', 'نظریه', 'چرخه', 'زندگی', 'رویکرد', 'شبه', 'پنل']"
166,"['شکاف', 'تکنولوژی', 'تأثیر', 'سرمایه', 'گذاری', 'مستقیم', 'خارجی', 'بهره-وری', 'کل', 'عوامل', 'تولید', 'مطالعه', 'موردی', 'صنعت']"
167,"['نقش', 'سرمایه', 'گذاری', 'مستقیم', 'خارجی', 'رشد', 'کشور', 'بخش', 'مختلف']"
168,"['قاچاق', 'کالا', 'اشتغال']"
169,"['تأثیر', 'فساد', 'اداری', 'سلامت', 'مالی', 'نظام', 'بانکی']"
170,"['شناسایی', 'عوامل', 'مؤثر', 'باورهای', 'افراد', 'تأثیر', 'گذار', 'شکل', 'گیری', 'نهادهای', 'رسمی', 'رویکرد', 'شناختی']"
171,"['تأثیر', 'رشد', 'کند', 'نابرابری', 'توزیع', 'درآمد', 'تأکید', 'فرضیه', 'توماس', 'پیکتی']"
172,"['ارزیابی', 'رابطه', 'هزینه', 'نظامی', 'درآمدهای', 'نفتی', 'رویکرد', 'همدوسی', 'موجکی']"
173,"['انواع', 'سرمایه', 'خارجی', 'رشد']"
174,"['تأثیر', 'قیمت', 'دارایی', 'مالی', 'حقیقی', 'سیکل', 'تجاری', 'رویکرد', 'رگرسیون', 'انتقال', 'هموار']"
175,"['تعیین', 'کارآیی', 'ناکارآیی', 'فاصله', 'تولید', 'زیر', 'بخش', 'زراعت']"
176,"['یکسان', 'سازی', 'نرخ', 'ارز', 'فقر', 'استفاده', 'مدل', 'تعادل', 'عمومی', 'قابل', 'محاسبه', 'CGE']"
177,"['نامتقارن', 'سایه', 'توسعه', 'مالی', 'رویکرد', 'مدل', 'NARDL']"
178,"['نقش', 'اندازه', 'بنگاه', 'اثرگذاری', 'توسعه', 'مالی', 'توسعه', 'صنعتی']"
179,"['واکنش', 'درآمد', 'مخارج', 'دولت', 'عدم', 'تعادل', 'بودجه']"
180,"['پویایی', 'فقر', 'مناطق', 'شهری', 'اساس', 'رویکرد', 'داده', 'تابلویی', 'ترکیبی']"
181,"['برآورد', 'ضریب', 'فزاینده', 'سیاست', 'مالی', 'کاربردی', 'مدل', 'خودرگرسیون', 'برداری', 'ساختاری', 'مارکوف', 'سوئیچینگ']"
182,"['ارزیابی', 'کارآیی', 'زیست', 'محیطی', 'کربن', 'داده', 'غیردقیق', 'استفاده', 'روش', 'پوششی', 'داده', 'فازی', 'مطالعه', 'موردی', 'کشورهای', 'نفت', 'خیز']"
183,"['دسترسی', 'فناوری', 'اطلاعات', 'ارتباطات', 'ICT', 'توزیع', 'درآمد', 'استان', 'کشور']"
184,"['تأثیر', 'تمرکز', 'جغرافیایی', 'صنایع', 'توزیع', 'سطح', 'تحصیلات', 'شاغلان', 'بهره', 'وری', 'نیروی', 'کار', 'تفکیک', 'زیر', 'بخش', 'صنعت', 'مواد', 'غذایی', 'آشامیدنی']"
185,"['برآورد', 'قاعده', 'بهینه', 'سیاست', 'پولی', 'چارچوب', 'مدل', 'هیبریدی']"
186,"['متغیر', 'زمانی', 'توسعه', 'مالی', 'رشد', 'مدل', 'TVP-FAVAR']"
187,"['بیش', 'حساسیت', 'مصرف', 'خانوار', 'تأکید', 'محدودیت', 'نقدینگی']"
188,"['سرمایه', 'اجتماعی', 'ثبات', 'بانکی']"
189,"['متقابل', 'دموکراسی', 'امنیت', 'حقوق', 'مالکیت', 'فساد', 'مالی', 'کشورهای', 'منتخب']"
190,"['پیش', 'بینی', 'رشد', 'بخش', 'کشاورزی', 'رهیافت', 'داده', 'ترکیبی', 'تواتر', 'متفاوت', 'MIDAS']"
191,"['مطالعه', 'مدل', 'سازی', 'پیشنهاد', 'رفتار', 'صادرات', 'نفت', 'پساتحریمی', 'چارچوب', 'روابط', 'استراتژیک', 'بازار', 'نفت']"
192,"['عوامل', 'مؤثر', 'پایداری', 'فراگیری', 'توسعه', 'صنعتی', 'رویکرد', 'همگرایی', 'الگوی', 'تصحیح', 'خطای', 'برداری']"
193,"['سیاست', 'پولی', 'توزیع', 'درآمد', 'بخش', 'شهری', 'روستایی']"
194,"['تأثیر', 'پرداخت', 'کارتی', 'توسعه', 'مالی', 'استان', 'کشور']"
195,"['عوامل', 'مؤثر', 'شدت', 'انرژی', 'تأکید', 'شکست', 'ساختاری']"
196,"['عوامل', 'مؤثر', 'شدت', 'صادرات', 'صنایع', 'تولیدکننده', 'وسایل', 'حمل', 'نقل', 'طی', 'دوره', 'تأکید', 'مالکیت', 'خصوصی']"
197,"['ساختار', 'سنی', 'جمعیت', 'امنیت']"
198,"['اثرگذاری', 'متغیرهای', 'اتخاذ', 'کمک', 'انسان', 'دوستانه', 'زمانی', 'افراد']"
199,"['مطالعه', 'نااطمینانی', 'نرخ', 'ارز', 'مؤثر', 'واقعی', 'ارزش', 'افزوده', 'بخشهای', 'استان', 'آذربایجان', 'شرقی']"
200,"['ساخت', 'سری', 'زمانی', 'بدهی', 'دولت', 'برآورد', 'نسبت', 'بهینه', 'بدهی', 'دولت', 'تولید', 'ناخالص', 'داخلی', 'فضای', 'مالی']"
201,"['سیاست', 'بهینه', 'زیست', 'محیطی', 'نااطمینانی', 'کیفیت', 'نهادی', 'مطالعه', 'موردی']"
202,"['رابطه', 'علیت', 'میان', 'نابرابری', 'درآمدی', 'جرائم']"
203,"['انتخاب', 'بهترین', 'پایه', 'مالیاتی', 'تأمین', 'مالی', 'برنامه', 'محرک', 'مالی', 'استفاده', 'الگوی', 'تعادل', 'عمومی', 'پویای', 'تصادفی']"
204,"['نقش', 'حکمرانی', 'خوب', 'تحقق', 'دانش', 'بنیان', 'قالب', 'مدل', 'مارپیچ', 'چهارگانه']"
205,"['توسعه', 'مالی', 'نابرابری', 'درآمد', 'رهیافت', 'خودرگرسیون', 'برداری', 'ساختاری']"
206,"['طراحی', 'ساز', 'کار', 'یک', 'بازار', 'کارآمد', 'پیوند', 'کلیه']"
207,"['تأثیر', 'غیرخطی', 'ضریب', 'نفوذ', 'بیمه', 'زندگی', 'غیرزندگی', 'رشد']"
208,"['تأثیر', 'نااطمینانی', 'شغلی', 'تمایل', 'فرزندآوری', 'استان']"
209,"['امکان', 'پذیری', 'تشکیل', 'بازار', 'مجوز', 'انتشار', 'مبادله', 'آلاینده', 'زیست', 'محیطی', 'صنعت', 'آهن', 'فولاد']"
210,"['رابطه', 'جانشینی', 'زمان', 'درآمد', 'پایه', 'رویکرد', 'قابلیت', 'انسانی', 'مورد', 'مطالعه', 'معلمان', 'مرد', 'شهر', 'تهران']"
211,"['ارزیابی', 'عملکرد', 'تثبیتی', 'سیاست', 'ترکیبی', 'پولی', 'کلان', 'احتیاطی']"
212,"['تجزیه', 'هدفمندی', 'یارانه', 'مصرف', 'آب', 'خانگی', 'مناطق', 'شهری', 'کشور', 'رهیافت', 'سیستم', 'معادلات', 'تقاضا']"
213,"['نقش', 'توسعه', 'مالی', 'اثربخشی', 'سیاست', 'پولی', 'طی', 'چرخه', 'تجاری', 'کاربردی', 'الگوی', 'مارکوف-سوئیچینگ']"
214,"['کارآمدی', 'اوراق', 'مشارکت', 'عنوان', 'ابزار', 'سیاست', 'پولی', 'بانک', 'مرکزی', 'رهیافت', 'نظریه', 'بازیها', 'رویکرد', 'مدل', 'استکلبرگ']"
215,"['سیاست', 'پولی', 'مالی', 'بهینه', 'اعمال', 'مساله', 'رمزی']"
216,"['خنثایی', 'پول', 'بخش', 'خدمات']"
217,"['ترجیح', 'زمانی', 'اکنون', 'گرایی', 'رفتار', 'بین', 'دوره', 'جوانان', 'مطالعه', 'موردی', 'دانشجویان', 'دانشگاه', 'مشهد']"
218,"['تغییر', 'ساختار', 'سنی', 'جمعیت', 'مخارج', 'مصرفی', 'دولت', 'پیش', 'بینی', 'تحولات', 'روش', 'الگوی', 'داده', 'ترکیبی', 'تواتر', 'متفاوت']"
219,"['متقابل', 'حکمرانی', 'توسعه', 'کشورهای', 'صادرکننده', 'نفت']"
220,"['رابطه', 'بین', 'سرقت', 'نابرابری', 'درآمدی', 'رویکرد', 'بیزین', 'مطالعه', 'موردی']"
221,"['وضعیت', 'فقر', 'خانوارهای', 'شهری', 'ایرانطی', 'پنج', 'برنامه', 'توسعه']"
222,"['تورم', 'رابطه', 'بین', 'توسعه', 'مالی', 'اشتغال', 'کاربرد', 'الگوی', 'لاجستیک', 'STR', 'LSTR']"
223,"['انتقال', 'نرخ', 'ارز', 'شرطی', 'قیمت', 'مصرف', 'کننده', 'رهیافت', 'DSGE']"
224,"['تأثیر', 'نرخ', 'ارز', 'مؤثر', 'واقعی', 'نااطمینانی', 'ارزش', 'افزوده', 'بخش', 'صنعت']"
225,"['تأثیر', 'شوک', 'شاخص', 'کل', 'قیمت', 'سهام', 'متغیرهای', 'کلان', 'استفاده', 'رویکرد', 'DSGE']"
226,"['تأثیر', 'جهش', 'پولی', 'نرخ', 'ارز', 'فعالیت', 'عمده', 'اصلی']"
227,"['آزمون', 'فرضیه', 'کائو', 'روبین', 'روش', 'رگرسیون', 'جمعی', 'کانونی', 'CCR']"
228,"['واردات', 'قاچاق', 'برآورد', 'شاخص', 'علل']"
229,"['طراحی', 'الگوی', 'حذف', 'محدودیت', 'زمانی', 'رأی', 'بازار', 'سیاسی', 'استفاده', 'سازوکارهای', 'بازار']"
230,"['تأثیر', 'ساختار', 'مالی', 'بی', 'ثباتی', 'رشد']"
231,"['حذف', 'تعرفه', 'بخش', 'کشاورزی', 'اشتغال', 'زایی', 'بخش', 'تفکیک', 'نیروی', 'کار', 'شاغل', 'بخش', 'خصوصی', 'عمومی']"
232,"['پس', 'انداز', 'اصیل', 'چگونگی', 'ارتباط', 'ارزش', 'فعلی', 'مصارف']"
233,"['انباشت', 'سرمایه', 'ملموس', 'ناملموس', 'تأکید', 'نقش', 'رانت', 'منابع', 'طبیعی']"
234,"['ارزیابی', 'تخصیص', 'منابع', 'صندوق', 'توسعه', 'ملی', 'بخش', 'مختلف', 'تحلیلی', 'چارچوب', 'الگوی', 'اقتصادسنجی', 'کلان', 'ساختاری']"
235,"['اندازه', 'گیری', 'شاخص', 'نابرابری', 'چند', 'بعدی', 'مناطق', 'شهری']"
236,"['تأثیر', 'یارانه', 'نقدی', 'الگوی', 'مخارج', 'خانوارهای', 'شهری', 'روستایی']"
237,"['تجزیه', 'پویای', 'فقر', 'طی', 'چهار', 'برنامه', 'توسعه', 'اساس', 'روش', 'جدید', 'تجزیه', 'شش', 'جزئی']"
238,"['ارتباط', 'میان', 'بیکاری', 'توزیع', 'درآمد', 'تقاضای', 'مؤثر', 'رهیافت', 'SVAR', 'پساکینزی']"
239,"['هزینه', 'تخصیصی', 'دولت', 'حوزه', 'سلامت', 'ممانعت', 'انتشار', 'آلاینده', 'رشد', 'رویکرد', 'رشد', 'درونزا']"
240,"['همگرایی', 'درآمدی', 'رفاه', 'بین', 'استان', 'استفاده', 'روش', 'خوشه']"
241,"['اهمیت', 'کانال', 'ترازنامه', 'دیدگاه', 'اعتبار', 'مکانیسم', 'انتقال', 'پولی']"
242,"['درونی', 'سازی', 'هزینه', 'آلودگی', 'رقابت', 'پذیری', 'صنعت', 'فولاد', 'مطالعه', 'موردی', 'شرکت', 'فولاد', 'مبارکه', 'اصفهان']"
243,"['جایگزین', 'سازی', 'درآمد', 'دولت', 'طریق', 'درآمدهای', 'مالیاتی', 'طراحی', 'یک', 'مدل', 'تعادل', 'عمومی', 'پویای', 'تصادفی', 'DSGE']"
244,"['دخالت', 'دولت', 'بخش', 'بانکی', 'روی', 'پایداری', 'مالی', 'بخش', 'دوره']"
245,"['ارزیابی', 'سازوکار', 'انتقال', 'سیاست', 'پولی', 'بازار', 'سهام', 'استفاده', 'روش', 'خودرگرسیون', 'برداری', 'ساختاری', 'SVAR']"
246,"['سهم', 'درآمدی', 'نیروی', 'کار', 'مارک', 'آپ', 'قیمت', 'کشش', 'جانشینی', 'سرمایه', 'نیروی', 'کار', 'مطالعه', 'صنایع', 'کارخانه']"
247,"['تأثیر', 'شاخص', 'حکمرانی', 'خوب', 'توزیع', 'درآمد', 'کارگیری', 'پانل', 'داده', 'مطالعه', 'موردی', 'کشورهای', 'منتخب', 'جنوب', 'غربی', 'آسیا']"
248,"['تعیین', 'کننده', 'کلان', 'اقتصادی-', 'اجتماعی', 'نرخ', 'باروری', 'کل', 'TFR', 'استفاده', 'الگوی', 'خودهمبسته', 'باوقفه', 'توزیعی', 'ARDL']"
249,"['تورم', 'رشد', 'تولید', 'پایداری']"
250,"['هدفمندسازی', 'یارانه', 'ترکیب', 'هزینه', 'خانوارها']"
251,"['تأثیر', 'افزایش', 'قیمت', 'حامل', 'انرژی', 'هزینه', 'تخریب', 'آلاینده', 'هوا', 'رویکرد', 'تعادل', 'عمومی', 'محاسبه', 'پذیر', 'CGE']"
252,"['فقر', 'مسکن', 'تغذیه', 'کودکان', 'شهر', 'تهران-']"
253,"['تبعات', 'اجرای', 'مرحله', 'اول', 'قانون', 'هدفمندسازی', 'یارانه', 'رفاه', 'دهک', 'پایین', 'درآمدی', 'چارچوب', 'رویکرد', 'مسیرساختاری']"
254,"['رابطه', 'بین', 'توسعه', 'بخش', 'مالی', 'زیرزمینی']"
255,"['نااطمینانی', 'نسبت', 'مخارج', 'دولت', 'مخارج', 'مصرفی', 'خانوارها']"
256,"['مدل', 'سازی', 'دورهای', 'تجاری', 'نگاه', 'کینزی', 'جدید', 'ساختار', 'معادلات', 'تفاضلی', 'رویکرد', 'سنجی', 'پنل', 'پویا']"
257,"['عدم', 'تقارن', 'شوک', 'پولی', 'قالب', 'مدل', 'تعادل', 'عمومی', 'پویای', 'تصادفی']"
258,"['مقایسه', 'مدل', 'تصحیح', 'خطا', 'رگرسیون', 'فازی', 'پیش', 'بینی', 'تولید', 'ناخالص', 'ملی']"
259,"['برازش', 'تابع', 'تقاضای', 'برق', 'بخش', 'خانگی', 'شهرستان', 'منتخب', 'استان', 'تهران', 'استفاده', 'روش', 'پنل', 'پویا']"
260,"['رفتار', 'سازمان', 'اوپک', 'کاربردی', 'مدل', 'مارکف', 'سوئیچینگ']"
261,"['همگرایی', 'بهره', 'وری', 'انرژی', 'استان', 'رویکرد', 'اقتصادسنجی', 'فضایی']"
262,"['تأثیر', 'سیاست', 'پولی', 'بیکاری', 'شرایط', 'نااطمینانی', 'تورم', 'موردکاوی', 'تجربی']"
263,"['برآورد', 'تأثیر', 'کاهش', 'یارانه', 'بخش', 'کشاورزی', 'تولید', 'اشتغال']"
264,"['ارایه', 'الگویی', 'تعیین', 'نرخ', 'سود', 'عقود', 'مبادله', 'استفاده', 'شبکه', 'عصبی', 'مصنوعی']"
265,"['تأثیر', 'سیاست', 'مالیاتی', 'پویایی', 'رشد', 'سرمایه', 'مصرف', 'پایه', 'یک', 'مدل', 'رشد', 'بهینه', 'مورد', 'مطالعه', 'گروهی', 'کشورهای', 'شرق', 'آسیا']"
266,"['تأثیر', 'هزینه', 'مبادله', 'توسعه', 'مالی', 'کشورهای', 'منتخب', 'اوپک']"
267,"['تغییرات', 'نرخ', 'ارز', 'نوسانات', 'متغیرهای', 'منتخب', 'کلان']"
268,"['نقش', 'سرمایه', 'اشتغالزایی', 'افزایش', 'تقاضای', 'نیروی', 'کار', 'بخش', 'صنعت']"
269,"['تحلیلی', 'خانواده', 'عملکرد', 'تحصیلی', 'فرزندان']"
270,"['تأملاتی', 'اخلاق', 'اسلامی', 'آسیب', 'شناسی', 'جرم', 'رهیافت', 'نظریه', 'بازی']"
271,"['تحرک', 'مطلق', 'غیر', 'خطی', 'توزیع', 'درآمدی']"
272,"['تخمین', 'سرعت', 'همگرایی', 'کارآیی', 'هزینه', 'بانکداری', 'طی', 'دوره']"
273,"['تأثیر', 'کسری', 'بودجه', 'مالیات', 'تورمی', 'اجزای', 'طرف', 'تقاضا']"
274,"['مقایسه', 'ارتباط', 'اندازه', 'دولت', 'باز', 'بودن', 'تجاری', 'میان', 'کشورهای', 'عضو', 'OECD']"
275,"['تورم', 'اندازه', 'دولت', 'رویکرد', 'رگرسیون', 'آستانه']"
276,"['عملکرد', 'طراحان', 'بودجه', 'پیش', 'بینی', 'درآمدهای', 'دولت']"
277,"['بهینه', 'سازی', 'رفتار', 'افراد', 'توجه', 'اخلاق', 'متأثر', 'اعتقاد', 'معاد']"
278,"['همگرایی', 'ظرفیت', 'مالیاتی', 'استان', 'منتخب', 'رهیافت', 'اقتصادسنجی', 'فضایی']"
279,"['جبران', 'خدمات', 'بهره', 'وری', 'نیروی', 'کار', 'تعاونی', 'صنعتی', 'کشور']"
280,"['تغییرات', 'سطح', 'فقر', 'تعیین', 'میزان', 'آسیب', 'پذیری', 'خانوارهای', 'روستایی', 'ناشی', 'افزایش', 'قیمت', 'جهانی', 'مواد', 'غذایی']"
281,"['توسعه', 'مالی', 'استانی', 'توزیع', 'درآمد', 'استانی']"
282,"['تأثیر', 'نسبتهای', 'مالی', 'حسابداری', 'نسبت', 'کفایت', 'سرمایه', 'شبکه', 'بانکی', 'کشور', 'مطالعه', 'موردی', 'بانک', 'تجاری', 'دولتی', 'خصوصی', 'اصل']"
283,"['سرمایه', 'انسانی', 'جنگ', 'داخلی', 'احتساب', 'نقش', 'دموکراسی', 'رویکرد', 'حداقل', 'مربعات', 'تعمیم', 'یافته-پانلی']"
284,"['زیرزمینی', 'تقاضای', 'واردات', 'تفکیک', 'گروه', 'کالاهای', 'واسطه', 'مصرفی', 'سرمایه']"
285,"['ترتیبات', 'نهادی', 'توسعه', 'همه', 'جانبه', 'نقش', 'نوآوری', 'نهادی', 'دستیابی', 'توسعه', 'فناوری', 'توسعه', 'پایدار']"
286,"['برآورد', 'تابع', 'مصرف', 'آندو-', 'مودیگلیانی', 'لحاظ', 'انواع', 'ثروت']"
287,"['تأثیر', 'ترجیح', 'زمانی', 'رشد']"
288,"['توسعه', 'مالی', 'سرمایه', 'انسانی']"
289,"['تأثیر', 'نااطمینانی', 'تولید', 'رشد']"
290,"['تأثیر', 'اعمال', 'ناقص', 'قانون', 'برنامه', 'چهارم', 'توسعه', 'افزایش', 'فقر', 'ناشی', 'هزینه', 'کمرشکن', 'سلامت']"
291,"['شناسایی', 'فعالیت', 'کلیدی', 'استان', 'سیستان', 'بلوچستان', 'نظر', 'ایجاد', 'اشتغال', 'تولید', 'استفاده', 'جدول', 'داده', 'ستانده']"
292,"['فرصت', 'رانت', 'جویی', 'حجم', 'سپرده', 'بانکی', 'بخش', 'خصوصی']"
293,"['کوتاه', 'مدت', 'بلند', 'مدت', 'درآمدهای', 'نفتی', 'فساد']"
294,"['مدل', 'ترکیبی', 'شبکه', 'عصبی', 'الگوی', 'ARIMA', 'جهت', 'پیش', 'بینی', 'مالیات', 'ارزش', 'افزوده', 'مصرف', 'بنزین']"
295,"['عوامل', 'مؤثر', 'کارآیی', 'زیربرداری', 'آب', 'تولید', 'محصول', 'گندم', 'تلفیق', 'شبکه', 'عصبی', 'مصنوعی', 'تابع', 'پایه', 'شعاعی', 'مدل', 'توبیت']"
296,"['رفاهی', 'افزایش', 'پوشش', 'تأمین', 'اجتماعی', 'استفاده', 'مدل', 'تعادل', 'عمومی', 'قابل', 'محاسبه']"
297,"['رابطه', 'رشد', 'نابرابری', 'درآمدی', 'بین', 'استان']"
298,"['افزایش', 'درآمدهای', 'نفتی', 'مدیریت', 'مسیر', 'بهینه', 'متغیرهای', 'کلان', 'تکیه', 'مدل', 'تعادل', 'عمومی', 'پویا']"
299,"['تأثیر', 'تکانه', 'نرخ', 'ارز', 'سرمایه', 'گذاری', 'اشتغال', 'رهیافت', 'مدل', 'تعادل', 'عمومی', 'قابل', 'محاسبه']"
300,"['ارزش', 'گذاری', 'اقتضایی', 'ارزیابی', 'تأثیر', 'سیاست', 'گسترش', 'بیمه', 'اجتماعی', 'درمان', 'تمایل', 'پرداخت', 'خانوارهای', 'کم', 'درآمد', 'بخش', 'غیررسمی', 'اشتغال']"
301,"['برآورد', 'تابع', 'تولید', 'مناسب', 'وجود', 'نهاده', 'انرژی', 'تحقیق', 'توسعه', 'روش', 'الگوریتم', 'ژنتیک']"
302,"['تطبیقی', 'بخش', 'عمومی', 'الگوی', 'قانون', 'اساسی', 'جمهوری', 'اسلامی', 'دولتهای', 'رفاه']"
303,"['تغییرات', 'نرخ', 'ارز', 'حقیقی', 'مؤثر', 'صادرات', 'واردات', 'تراز', 'تجاری']"
304,"['برآورد', 'منحنی', 'فیلیپس', 'مرکب', 'کینزین', 'جدید']"
305,"['اولویت', 'بندی', 'سرمایه', 'گذاری', 'بخش', 'خدمات', 'روش', 'تصمیم', 'گیری', 'تاپسیس', 'فازی', 'مطالعه', 'موردی', 'سازمان', 'آ', 'ت']"
306,"['رابطه', 'علی', 'میان', 'شاخص', 'قیمت', 'تولیدکننده', 'مصرف', 'کننده']"
307,"['صرفه', 'ناشی', 'تجمع', 'صنعتی', 'رشد', 'استان']"
308,"['اندازه', 'دولت', 'روی', 'نرخ', 'بیکاری']"
309,"['رقابت', 'روسیه', 'قطر', 'دستیابی', 'بازار', 'گاز', 'هندوستان']"
310,"['توسعه', 'مالی', 'کیفیت', 'محیط', 'زیست']"
311,"['بی', 'ثباتی', 'اجتماعی', 'رشد', 'تحلیلی', 'اساس', 'الگوی', 'ARDL']"
312,"['تأثیر', 'نرخ', 'بهینه', 'مالیات', 'غیرمستقیم', 'رفاه', 'اجتماعی']"
313,"['اندازه', 'گیری', 'هزینه', 'مبادله', 'مطالعه', 'موردی', 'هزینه', 'سرقفلی', 'واحدهای', 'تجاری', 'شهر', 'کرمانشاه']"
314,"['مالکیت', 'دولتی', 'بانکها', 'رابطه', 'علی', 'توسعه', 'مالی-', 'رشد']"
315,"['تأثیر', 'شوکهای', 'پولی', 'قیمت', 'مواد', 'غذایی']"
316,"['مقدمه', 'تبیین', 'رابطه', 'بین', 'درآمدهای', 'نفتی', 'بهره', 'وری']"
317,"['نظریه', 'طراحی', 'بازار', 'کاربرد', 'بازار', 'نیروی', 'کار', 'پزشکی', 'بخش', 'دولتی']"
318,"['استخراج', 'منحنی', 'فیلیپس', 'استفاده', 'الگوی', 'باز', 'تعادل', 'عمومی', 'پویای', 'تصادفی', 'مطالعه', 'موردی']"
319,"['مقایسه', 'مصرف', 'کالاهای', 'اساسی', 'خانوارهای', 'فقیر', 'متوسط', 'قبل', 'نقدی', 'سازی', 'یارانه']"
320,"['رابطه', 'توسعه', 'مالی', 'نابرابری', 'درآمدی']"
321,"['تأثیر', 'افزایش', 'قیمت', 'شیر', 'خالص', 'رفاه', 'گروه', 'مختلف', 'درآمدی', 'شهری']"
322,"['غرامت', 'بیکاری', 'منطقه', 'بازار', 'مسکن', 'استان']"
323,"['تعادل', 'عمومی', 'ورود', 'نیروی', 'کار', 'ساده', 'خروج', 'نیروی', 'کار', 'ماهر', 'بازار', 'کار']"
324,"['بهینه', 'یابی', 'تأمین', 'منابع', 'انرژی', 'هدف', 'تولید', 'برق', 'چشم', 'انداز', 'افق']"
325,"['تأثیر', 'متغیرهای', 'کلان', 'رفتار', 'وام', 'دهی', 'بانک', 'مسکن']"
326,"['آزمون', 'خنثایی', 'ابرخنثایی', 'بلندمدت', 'پول', 'کل', 'زیربخش', 'کشاورزی']"
327,"['گسترش', 'حق', 'رأی', 'دموکراسی', 'نابرابری', 'درآمدها', 'یک', 'الگوی', 'نظری', 'برخی', 'شواهد']"
328,"['متقابل', 'سطح', 'تمرکز', 'سودآوری', 'تحقیق', 'توسعه', 'تبلیغات', 'صنایع', 'کارخانه']"
329,"['ارتباط', 'بین', 'اندازه', 'تحصیلات', 'شغل', 'کاربرد', 'مدل', 'وردوگو-', 'وردوگو']"
330,"['کارگیری', 'الگوریتم', 'ریاضی', 'آلمن', 'حذف', 'عناصر', 'منفی', 'جدول', 'متقارن', 'داده-', 'ستانده', 'فرض', 'تکنولوژی', 'کالا']"
331,"['شبیه', 'سازی', 'تابع', 'مصرف', 'پیش', 'بینی', 'میزان', 'مصرف', 'افق', 'استفاده', 'الگوریتم', 'ژنتیک', 'الگوریتم', 'بهینه', 'سازی', 'انبوه', 'ذرات', 'PSO']"
332,"['عوامل', 'مؤثر', 'نرخ', 'مشارکت', 'نیروی', 'کار', 'بازار', 'کار']"
333,"['برآورد', 'موجودی', 'سرمایه', 'کارآیی', 'روش', 'مختلف', 'محاسبه', 'بخشهای', 'عمده']"
334,"['باز', 'بودن', 'تجاری', 'بهره', 'وری', 'کل', 'عوامل', 'تولید', 'صنایع', 'بزرگ']"
335,"['ارتباط', 'میان', 'سرمایه', 'اجتماعی', 'توسعه', 'انسانی', 'استان']"
336,"['رابطه', 'بین', 'کسری', 'بودجه', 'دولت', 'تراز', 'تجاری', 'چارچوب', 'یک', 'الگوی', 'اقتصادسنجی', 'کلان', 'ساختاری', 'پویا']"
337,"['تأثیر', 'هدفمندسازی', 'یارانه', 'بخش', 'کشاورزی', 'مدلسازی', 'ناحیه', 'بخش', 'کشاورزی']"
338,"['همبستگی', 'پویا', 'بین', 'دارایی', 'عمده', 'استفاده', 'روش', 'DCC-GARCH']"
339,"['فاصله', 'رشد', 'منطقه']"
340,"['تأثیر', 'انواع', 'تسهیلات', 'اعتباری', 'اشتغال', 'تعاونی', 'صنعتی', 'کشور']"
341,"['اثرگذاری', 'تغییرات', 'ساختار', 'سنی', 'جمعیت', 'درآمد', 'سرانه', 'تفکیک', 'کانالهای', 'اثرگذاری']"
342,"['سررسید', 'قراردادهای', 'آتی', 'سکه', 'بهار', 'آزادی', 'مورد', 'معامله', 'بورس', 'کالای', 'IME']"
343,"['شناسایی', 'استان', 'دارای', 'مزیت', 'رقابتی', 'دربخش', 'ساخت', 'کک', 'فرآورده', 'حاصل', 'تصفیه', 'نفت', 'سوخت', 'هسته-ای']"
344,"['محاسبه', 'ارزش', 'معرض', 'ریسک', 'بازده', 'سهام', 'دو', 'صنعت', 'کانه', 'فلزی', 'صنایع', 'دارو', 'استفاده', 'آنالیز', 'موجک', 'مدل', 'سری', 'زمانی']"
345,"['تأثیر', 'یارانه', 'بیمه', 'صادراتی', 'صادرات', 'غیر', 'نفتی']"
346,"['هزینه', 'تأمین', 'مالی', 'سطح', 'نقدینگی', 'مورد', 'نیاز', 'بنگاه', 'تولیدی', 'مطالعه', 'موردی', 'شرکتهای', 'تولیدی', 'پذیرفته', 'شده', 'بورس', 'اوراق', 'بهادار']"
347,"['مقایسه', 'اختلاف', 'منطقه', 'بهره', 'وری', 'عوامل', 'واسطه', 'تولید', 'بخش', 'مختلف']"
348,"['متقابل', 'سرمایه', 'انسانی', 'نهادها', 'فرایند', 'رشد', 'اشارات']"
349,"['عوامل', 'مؤثر', 'تورم', 'تأکید', 'نقش', 'انتظارات', 'گذشته', 'نگر', 'آینده', 'نگر']"
350,"['تأثیر', 'حاکمیت', 'شرکتی', 'عدم', 'تقارن', 'اطلاعاتی', 'مطالعه', 'موردی', 'بازار', 'بورس', 'اوراق', 'بهادار', 'تهران']"
351,"['عوامل', 'مؤثر', 'توسعه', 'صادرات', 'خدمات', 'فناوری', 'بالا', 'جمهوری', 'اسلامی']"
352,"['رشد', 'صنعت', 'خروج', 'بنگاه', 'صنعتی', 'رهیافت', 'مدل', 'شبکه', 'عصبی', 'مصنوعی']"
353,"['اندازه', 'گیری', 'زیست', 'کارآیی', 'پالایشگاه', 'نفت', 'استفاده', 'روش', 'پوششی', 'داده']"
354,"['تأثیر', 'نااطمینانی', 'نرخ', 'ارز', 'واقعی', 'بهرهوری', 'کل', 'عوامل', 'تولید', 'بخش', 'کشاورزی']"
355,"['تجزیه', 'خسارت', 'رفاهی', 'ناشی', 'آلودگی', 'زیست', 'محیطی', 'رویکرد', 'دینامیک', 'سیستم']"
356,"['تروریسم', 'جذب', 'سرمایه', 'گذاری', 'مستقیم', 'خارجی', 'کشورهای', 'منتخب', 'خاورمیانه']"
357,"['سرمایه', 'گذاری', 'دولت', 'بخش', 'ورزش', 'رشد']"
358,"['مدلی', 'پویا', 'آتی', 'صنعت', 'نفت']"
359,"['سیکل', 'تجاری', 'آمریکا', 'مقایسه', 'موردی']"
360,"['تمرکززدایی', 'مالی', 'ارتباط', 'متقابل', 'رشد', 'توزیع', 'عادلانه', 'ی', 'منابع', 'مالی', 'استان']"
361,"['نقش', 'متوسط', 'سالهای', 'تحصیل', 'روند', 'رشد', 'کشورها', 'رویکرد', 'بارو', 'لی', 'سنجش', 'سرمایه', 'انسانی']"
362,"['شوک', 'قیمتی', 'نفت', 'مواد', 'غذایی', 'متغیرهای', 'کلان']"
363,"['شاخص', 'صوری', 'شدن', 'معاملات', 'عملکرد', 'بانکداری', 'بدون', 'ربا', 'موردی', 'تسهیلات', 'اعطایی', 'شعب', 'بانک', 'تجارت', 'مشهد', 'مقدس']"
364,"['اجرای', 'مالیات', 'ارزش', 'افزوده', 'تورم', 'سال']"
365,"['انتخاب', 'شاخص', 'ارزیابی', 'پوششی', 'داده', 'رگرسیون', 'لجستیک']"
366,"['همگرایی', 'باشگاهی', 'بین', 'استان', 'طی', 'سال']"
367,"['مدلسازی', 'علل', 'معوق', 'شدن', 'تسهیلات', 'قرض', 'الحسنه', 'بانک', 'قرض', 'الحسنه', 'مهر']"
368,"['تأثیر', 'شوک', 'نفتی', 'تأکید', 'نامتقارن', 'رشد', 'طی', 'سال']"
369,"['رابطه', 'کوتاه', 'مدت', 'بلندمدت', 'بین', 'انتشار', 'دی', 'اکسید', 'کربن', 'مصرف', 'انرژی', 'رشد', 'شواهد', 'جدید']"
370,"['تعادل', 'عمومی', 'محاسبه', 'پذیر', 'رفاهی', 'اصلاح', 'یارانه', 'حامل', 'انرژی', 'شاخص', 'تغییرات', 'معادل', 'هیکس']"
371,"['عوامل', 'مؤثر', 'نوسانات', 'قیمت', 'مسکن', 'شهر', 'کرمانشاه']"
372,"['مطالعه', 'تطبیقی', 'کیفیت', 'زندگی', 'شهری']"
373,"['تأثیر', 'ناهمگونی', 'جمعیت', 'رشد', 'منطقه']"
374,"['ساختار', 'نظام', 'مالی', 'رشد']"
375,"['رابطه', 'پول', 'تورم', 'شواهدی', 'اساس', 'مدل', 'P*']"
376,"['مدل', 'سازی', 'نرخ', 'واقعی', 'ارز', 'استفاده', 'مدل', 'چرخشی', 'خود', 'بازگشتی', 'مارکف', 'MSAR']"
377,"['تخصیص', 'درآمدهای', 'حاصل', 'طرح', 'هدفمندی', 'یارانه', 'بخشهای', 'تولیدی', 'پیامدهای', 'توزیع', 'درآمدی', 'گزینه', 'مختلف', 'خانوارهای', 'ایرانی']"
378,"['طراحی', 'الگوی', 'عملیاتی', 'تأمین', 'مالی', 'بخش', 'صادرات', 'استفاده', 'صکوک']"
379,"['حاکمیت', 'مالی', 'نرخ', 'تورم', 'چارچوب', 'یک', 'مدل', 'تعادل', 'عمومی', 'پویای', 'تصادفی', 'DSGE']"
380,"['حمایت', 'حقوق', 'مالکیت', 'فکری', 'وحق', 'اختراع', 'رشد']"
381,"['برآورد', 'سایه', 'استفاده', 'مدل', 'سازی', 'فازی', 'چند', 'مرحله']"
382,"['جریان', 'یافتن', 'پول', 'الکترونیک', 'حجم', 'اسکناس', 'مسکوک', 'گردش']"
383,"['کاربرد', 'پوششی', 'داده', 'DEA', 'ارزیابی', 'کارآیی', 'نسبی', 'رتبه', 'بندی', 'شعب', 'بانک', 'رفاه', 'استان', 'لرستان', 'مقایسه', 'نتایج', 'روش', 'TOPSIS']"
384,"['آزادسازی', 'تجاری', 'رفاه', 'شرکای', 'تجاری', 'استفاده', 'مدلGTAP', 'مطالعه', 'موردی']"
385,"['ارزیابی', 'شکاف', 'کیفیت', 'خدمات', 'اساس', 'الگوی', 'کیفیت', 'خدمت', 'سلسله', 'مراتبی', 'بانک', 'کشاورزی']"
386,"['گفتمانی', 'بدیل', 'توسعه', 'رویکرد', 'انسان', 'شناختی', 'مفهوم', 'توسعه']"
387,"['تجارت', 'درون', 'صنعتی', 'بلوک', 'منطقه', 'مطالعه', 'بخش', 'صنعت']"
388,"['بازار', 'کار', 'دوگانه', 'چارچوب', 'یک', 'مدل', 'تعادل', 'عمومی', 'پویای', 'تصادفی']"
389,"['ساختار', 'بازار', 'نوآوری', 'تحقیق', 'توسعه', 'صنایع', 'کارخانه']"
390,"['غیرخطی', 'تورم', 'نابرابری', 'درآمد']"
391,"['مدل', 'سازی', 'ناخطی', 'شکست', 'ساختاری', 'تابع', 'تقاضای', 'پول', 'نگرش', 'فازی']"
392,"['سرمایه', 'اجتماعی', 'فعالان', 'پایداری', 'جامعه', 'غیررسمی', 'مطالعه', 'موردی', 'محله', 'شمیران', 'نو']"
393,"['توزیع', 'اندازه', 'بنگاه', 'روند', 'تغییرات', 'بنگاه', 'جدیدالورود', 'صنعت', 'تولید', 'نساجی', 'استفاده', 'روش', 'ناپارامتریک']"
394,"['سیاست', 'قیمت', 'گذاری', 'تولید', 'کلزا']"
395,"['برآورد', 'دامنه', 'مطلوب', 'مخارج', 'تحقیق', 'توسعه', 'درایران', 'نقد', 'سیاست', 'علمی', 'فناوری', 'برنامه', 'پنجم']"
396,"['تأثیر', 'نهادهای', 'خالق', 'بازار', 'نهادها', 'رشد', 'رویکرد', 'بین', 'کشوری']"
397,"['نقدینه', 'کردن', 'یارانه', 'برق', 'شاخص', 'قیمت', 'استفاده', 'مدل', 'تعادل', 'عمومی', 'قابل', 'محاسبه', 'CGE']"
398,"['الگوسازی', 'انتخاب', 'رویکردی', 'نوین', 'ارزشگذاری', 'کالاهای', 'زیست', 'محیطی', 'مطالعه', 'موردی', 'گنجنامه', 'همدان']"
399,"['سنجش', 'ارزشگذاری', 'عوامل', 'مؤثر', 'انتخاب', 'مسکن', 'استفاده', 'روش', 'انتخاب', 'تجربی', 'دیدگاه', 'خانوارهای', 'ساکن', 'بافت', 'فرسوده', 'شهر', 'اصفهان']"
400,"['کاربرد', 'سنجی', 'فضایی', 'عوامل', 'موثر', 'صادرات', 'محصولات', 'کشاورزی', 'کشورهای', 'عضو', 'اکو', 'رهیافت', 'داده', 'تابلویی']"
401,"['آزمون', 'تأثیر', 'فناوری', 'مهارت', 'محور', 'اشتغال', 'نیروی', 'کار']"
402,"['کاربردی', 'نظریه', 'بازی', 'اسلامی']"
403,"['تأثیر', 'درآمدهای', 'نفتی', 'سرمایه', 'اجتماعی']"
404,"['نرخ', 'تعرفه', 'فرار', 'مالیاتی', 'واردات', 'شرکای', 'مهم', 'تجاری', 'سطح', 'داده', 'رقمی', 'برمبنای', 'الگوی', 'داده', 'تلفیقی']"
405,"['سیاست', 'تأمین', 'اجتماعی', 'دستمزد', 'اشتغال']"
406,"['برآورد', 'عوامل', 'مؤثر', 'عرضه', 'مسکن', 'کاربرد', 'مدل', 'رشد', 'تک', 'مرکزی', 'روش', 'GMM']"
407,"['اندازه', 'گیری', 'فقر', 'چند', 'بعدی', 'شهر', 'تهران']"
408,"['برآورد', 'تابع', 'سرمایه', 'گذاری', 'توبین', 'شرایط', 'اصطکاک', 'مالی']"
409,"['ارزیابی', 'پیوندهای', 'بین', 'بخشی', 'استفاده', 'روش', 'بردار', 'ویژه', 'مطالعه', 'موردی', 'استان', 'تهران']"
410,"['تخمین', 'تابع', 'انفاق']"
411,"['تأثیر', 'اصلاح', 'قیمت', 'حامل', 'انرژی', 'بخش', 'مختلف', 'استفاده', 'جدول', 'داده-', 'ستانده']"
412,"['ارزش', 'محصول', 'واسطه', 'گری', 'بانک', 'تجاری', 'بی', 'ثباتی', 'طی', 'سال']"
413,"['تأثیر', 'سیاستهای', 'دولت', 'میزان', 'تورم', 'کاربردی', 'فرایند', 'یادگیری', 'چارچوب', 'انتظارات', 'عقلایی']"
414,"['تأثیر', 'سرکوب', 'مالی', 'رشد', 'بخش', 'کشاورزی', 'مطالعه', 'موردی']"
415,"['پویایی', 'رشد', 'بنگاه', 'صنعت', 'بیمه']"
416,"['ایجاد', 'تخصیص', 'توزیع', 'مصرف', 'پس', 'انداز', 'درآمد', 'ارزی', 'حاصل', 'مخارج', 'گردشگری', 'بین', 'المللی', 'بخش', 'مختلف', 'استان', 'اصفهان']"
417,"['مقایسه', 'پیش', 'بینی', 'تورم', 'پایه', 'معادلات', 'دیفرانسیل', 'تصادفی', 'مدل', 'رقیب']"
418,"['تأثیر', 'رفاه', 'اجتماعی', 'فناوری', 'اطلاعات', 'ارتباطات', 'رشد', 'مطالعه', 'موردی', 'استانهای', 'کشور']"
419,"['رابطه', 'بین', 'فقر', 'توسعه', 'مالی', 'طی', 'دوره', 'زمانی']"
420,"['عوامل', 'مؤثر', 'خوداشتغالی']"
421,"['کفایت', 'خط', 'فقر', 'شریعت', 'مقیاسی', 'قوی', 'دست', 'حاکم', 'جلوگیری', 'کار', 'کودکان']"
422,"['عوامل', 'مؤثر', 'توزیع', 'فعالیت', 'شهر', 'اصفهان']"
423,"['ارزیابی', 'بهرهوری', 'حساسیت', 'عوامل', 'مؤثر', 'کارایی', 'صنایع', 'کوچک']"
424,"['تعیین', 'تأثیر', 'رتبه', 'ریسک', 'اعتباری', 'کشور', 'برخالص', 'تحرک', 'بین', 'المللی', 'سرمایه']"
425,"['مسیر', 'بهینه', 'سرمایه', 'گذاری', 'مصرف', 'تولید', 'ناخالص', 'ملی', 'کاربرد', 'الگوی', 'رمزی', 'تعمیم', 'یافته']"
426,"['تخمین', 'سایه', 'روی', 'آلودگی', 'هوا', 'مطالعه', 'موردی']"
427,"['نوسان', 'قیمت', 'نفت', 'رفاه', 'خانوارها', 'دهک', 'مختلف', 'درآمدی', 'رهیافت', 'مدل', 'تعادل', 'عمومی', 'قابل', 'محاسبه']"
428,"['ارایه', 'چارچوبی', 'تعیین', 'نرخ', 'سود', 'عقود', 'مبادله']"
429,"['تأثیر', 'حجم', 'سرمایه', 'R&D', 'داخلی', 'موجودی', 'سرمایه', 'خارجی', 'ارزش', 'افزوده', 'صنایع', 'متوسط', 'بزرگ']"
430,"['توزیع', 'اندازه', 'بنگاه', 'صنایع', 'تولیدی', 'روند', 'تغییرات']"
431,"['تعیین', 'پیوندهای', 'بین', 'بخشی', 'استفاده', 'روش', 'حذف', 'فرضی']"
432,"['همگرایی', 'نوع', 'بتا', 'بین', 'کشورهای', 'منتخب', 'اسلامی']"
433,"['حذف', 'یارانه', 'سوخت', 'تولید', 'هزینه', 'سطوح', 'قیمتها', 'خراسان', 'رضوی']"
434,"['تبدیل', 'نیروگاه', 'گازی', 'ساده', 'SCGT', 'چرخه', 'ترکیبی', 'CCGT', 'تأثیر', 'میزان', 'مصرف', 'سوخت', 'فسیلی']"
435,"['تحلیلی', 'شکل', 'گیری', 'رانت', 'درترکیب', 'درآمد', 'بودجه', 'شهرداری', 'اصفهان', 'تأکید', 'فروش', 'تراکم']"
436,"['همگرایی', 'همزمانی', 'چرخه', 'تجاری', 'گروه', 'شانگهای']"
437,"['سطح', 'تکنولوژی', 'احتمال', 'خروج', 'بنگاه', 'جدیدالورود', 'صنایع', 'تولیدی', 'استفاده', 'مدل', 'مخاطره', 'کاکس']"
438,"['تورم', 'عملکرد', 'بازارهای', 'مالی']"
439,"['خصوصی', 'سازی', 'طریق', 'بازار', 'بورس', 'اوراق', 'بهادار', 'روی', 'رشد', 'رویکرد', 'سیستم', 'دینامیکی']"
440,"['رفتار', 'غیر', 'خطی', 'رابطه', 'بین', 'رشد', 'صادرات', 'مطالعه', 'موردی', 'کشور', 'حاشیه', 'دریای', 'خزر']"
441,"['آزمون', 'ناپارامتری', 'رفتار', 'حداکثرسازی', 'سود', 'صنعت', 'بانکداری']"
442,"['آزمون', 'رابطه', 'شکل', 'منحنی', 'آرمی', 'میان', 'اندازه', 'دولت', 'رشد', 'روش', 'رگرسیون', 'آستانه']"
443,"['کمک', 'رسمی', 'توسعه', 'رفتار', 'مالی', 'دولت', 'کشورهای', 'منتخب', 'حال', 'توسعه', 'آسیایی']"
444,"['رفاهی', 'نقدینه', 'کردن', 'یارانه', 'انرژی', 'الکتریکی']"
445,"['روند', 'تحولات', 'سایه', 'مقایسه', 'نرم-افزار', 'مدل', 'سازی', 'آموس', 'گرافیک', 'لیزرل']"
446,"['تعیین', 'ساختار', 'واقعی', 'تقاضا', 'طریق', 'سیستم', 'تقاضای', 'تقریبا', 'ایده', 'آل', 'باکس-', 'کاکس', 'آشیانه', 'غیرآشیانه']"
447,"['رابطه', 'تورم', 'بازده', 'سهام', 'بورس', 'اوراق', 'بهادار', 'تهران', 'ارزیابی', 'فرضیه', 'جانشینی', 'فاما']"
448,"['سنجش', 'پایداری', 'توسعه', 'گردشگری', 'جزیره', 'کیش']"
449,"['مسئولیت', 'خسارت', 'وارده', 'مصرف', 'کننده', 'کالای', 'معیوب', 'خطرناک', 'قوانین', 'مقررات', 'جاری']"
450,"['حداقل', 'معاش', 'مناطق', 'شهری', 'روستایی', 'استان', 'کرمانشاه', 'مقایسه', 'کل', 'کشور']"
451,"['چسبندگی', 'قیمت', 'دستمزد', 'سیاست', 'پولی']"
452,"['شاخص', 'شرایط', 'پولی', 'مناسب']"
453,"['برآورد', 'شکاف', 'تولید', 'تأثیر', 'نرخ', 'تورم']"
454,"['اعتبار', 'قانون', 'واگنر', 'دیدگاه', 'کینزی', 'یک', 'تجزیه', 'سری', 'زمانی']"
455,"['رابطه', 'متغیرهای', 'طرف', 'تقاضا', 'عرضه', 'موثر', 'بخش', 'مسکن', 'قیمت', 'مسکن']"
456,"['عوامل', 'اجتماعی', 'مؤثر', 'جذب', 'سرمایه', 'گذاری', 'مستقیم', 'خارجی', 'تاکید', 'شاخص', 'حکمرانی', 'دوره', 'زمانی']"
457,"['نقش', 'رقابت', 'تحولات', 'بهره', 'وری', 'بخش', 'صنعت']"
458,"['تجزیه', 'عوامل', 'مؤثر', 'انتشار', 'CO', 'صنعت']"
459,"['رابطه', 'هزینه', 'تحقیقات', 'بهره', 'وری', 'تولیدات', 'کشاورزی']"
460,"['عوامل', 'مؤثر', 'سن', 'ازدواج', 'زنان', 'یک', 'رویکرد']"
461,"['ارزیابی', 'سیاست', 'آب', 'کشاورزی', 'منابع', 'آب', 'زیرزمینی', 'مدل', 'برنامه', 'ریزی', 'مثبت', 'PMP', 'مطالعه', 'موردی', 'شهرستان', 'اقلید']"
462,"['رفتار', 'خانوارها', 'مقوله', 'ارث', 'مطالعه', 'موردی', 'شهروندان', 'سیستان', 'بلوچستان', 'داده', 'پانل']"
463,"['نابرابری', 'درآمد', 'جرم']"
464,"['نقش', 'کیفیت', 'نهادها', 'سرمایه', 'انسانی', 'پدیده', 'بلای', 'منابع', 'مطالعه', 'موردی', 'کشورهای', 'صادرکننده', 'نفت']"
465,"['هدفمند', 'کردن', 'یارانه', 'حامل', 'انرژی', 'تقاضای', 'پویای', 'نهاده', 'انرژی', 'صنایع', 'کارخانه']"
466,"['تخمین', 'کشش', 'جانشینی', 'آرمینگتون', 'کالاهای', 'منتخب']"
467,"['عوامل', 'مؤثر', 'سرمایه¬گذاری', 'مسکن']"
468,"['انتخاب', 'سبد', 'دارایی', 'دوره', 'رکود', 'رونق', 'مسکن']"
469,"['عامل', 'شکاف', 'بین', 'دستمزد', 'نیروی', 'کار', 'بخش', 'کشاورزی', 'غیر', 'کشاورزی']"
470,"['تجربی', 'میزان', 'انتقال', 'نرخ', 'ارز', 'قیمت', 'صادرات', 'غیرنفتی']"
471,"['همگرایی', 'کشورهای', 'منطقه', 'منا']"
472,"['آزمون', 'نظریه', 'بارو', 'ریکاردو', 'تابع', 'مصرف']"
473,"['تعیین', 'صنایع', 'استراتژیک']"
474,"['بیکاری', 'اندازه', 'دولت', 'آیا', 'رابطه', 'قابل', 'قبولی', 'وجود', 'دارد', '\uf02a']"
475,"['تأثیر', 'سیاست¬های', 'ارزی', 'توسعه', 'صادرات', 'غیر', 'نفتی', 'کشور', 'تأکید', 'سیاست', 'پیمان', 'ارزی', 'سیاست', 'تک', 'نرخی', 'ارز']"
476,"['منطقه¬ای', 'رشد', 'تأکید', 'رهیافت']"
477,"['الحاق', 'سازمان', 'تجارت', 'جهانی', 'پذیرش', 'کپی', 'رایت', 'کوتاه', 'مدت', 'برعرضه', 'تقاضای', 'کتاب']"
478,"['مدلی', 'پیش', 'بینی', 'دستکاری', 'قیمت', 'سهام', 'بورس', 'اوراق', 'بهادار', 'مورد', 'مطالعه', 'بورس', 'اوراق', 'بهادار', 'تهران']"
479,"['تعیین', 'حد', 'آستانه', 'سهم', 'حق', 'الضرب', 'پول', 'GDP', 'درنظر', 'گرفتن', 'تأثیر', 'رشد', 'مورد', 'کاوی', 'تجربی']"
480,"['تأثیر', 'نرخ', 'ارز', 'صادرات', 'غیرنفتی', 'کشورهای', 'منتخب', 'خاورمیانه', 'ترکیه', 'امارات', 'عربستان', 'کویت', 'پاکستان']"
481,"['رابطه', 'علی', 'عوامل', 'تأثیرگذار', 'درتقاضای', 'مسکن', 'شهری', 'استان', 'تهران']"
482,"['عدالت', 'بین', 'زمانی', 'رشد', 'تأکید', 'نقش', 'ارجحیت', 'زمانی', 'مطالعه', 'موردی']"
483,"['شاخص', 'کلان', 'مطالبات', 'معوق', 'بانک']"
484,"['تأثیر', 'تورم', 'رشد', 'تاکید', 'نااطمینانی']"
485,"['خدمات', 'گردشگری', 'کشورهای', 'گروه', '-D', 'شناسایی', 'توانایی', 'مزیت', 'کشورها']"
486,"['سیاست¬های', 'صادرات', 'کشاورزی', 'صنعتی']"
487,"['برآورد', 'ارزش', 'هوای', 'پاک', 'تعیین', 'عوامل', 'مؤثر', 'تمایل', 'پرداخت', 'ساکنان', 'شهر', 'تهران']"
488,"['تقاضای', 'پول', 'حق¬الضرب']"
489,"['تعیین', 'قیمت', 'سایه', 'آلاینده', 'هوا', 'نیروگاه', 'کشور']"
490,"['طراحی', 'یک', 'مدل', 'تعادل', 'عمومی', 'پویای', 'تصادفی', 'نیوکینزی', 'عنوان', 'یک', 'کشور', 'صادر', 'کننده', 'نفت']"
491,"['مقایسه', 'مدل', 'خود', 'رگرسیونی', 'واریانس', 'ناهمسان', 'شرطی', 'تعمیم', 'یافته', 'شبیه', 'سازی', 'مونت', 'کارلو', 'تخمین', 'ارزش', 'معرض', 'ریسک', 'پورتفولیوی', 'ارز']"
492,"['رویکردی', 'نو', 'برآورد', 'شاخص', 'رفاه', 'استفاده', 'منطق', 'فازی', 'طی', 'سالهای']"
493,"['عملکرد', 'تعاونی', 'تولید', 'کشاورزی']"
494,"['مقدمه', 'نظریات', 'ویلیامسون', 'کاربرد', 'مسایل', 'توسعه']"
495,"['متنوع', 'سازی', 'صادرات', 'بهره', 'وری', 'صنایع', 'کشور']"
496,"['آلودگی', 'هوا', 'عوامل', 'مؤثر', 'مطالعه', 'موردی', 'انتشار', 'SPM', 'SO', 'صنایع', 'تولیدی']"
497,"['تأثیر', 'پس¬انداز', 'خانوار', 'درآمد', 'خانوار', 'تولید', 'ناخالص', 'داخلی', 'مدل', 'تعادل', 'عمومی', 'پویا']"
498,"['برآورد', 'روند', 'هزینه', 'مبادله', 'رویکرد', 'منطق', 'فازی']"
499,"['رابطه', 'توزیع', 'تسهیلات', 'بانکی', 'متغیر', 'عمده', 'اجتماعی', 'بخش', 'کشاورزی', 'مطالعه', 'موردی', 'استان', 'فارس']"
500,"['تحلیلی', 'کارآفرینی', 'سال', 'اخیر', 'مطالعه', 'موردی', 'عملکرد', 'یک', 'کار', 'آفرین', 'نمونه']"
501,"['مطالعه', 'تأثیر', 'بحران', 'طبیعی', 'پس', 'انداز']"
502,"['تجزیه', 'تأثیر', 'نوع', 'سیستم', 'ارزی', 'تقاضا', 'ترکیب', 'ذخایر', 'ارزی', 'کشورهای', 'حال', 'توسعه']"
503,"['مقایسه', 'مدل', 'شبکه', 'عصبی', 'مصنوعی', 'روش', 'رگرسیون', 'لجستیک', 'ممیزی', 'پیش', 'بینی', 'ورشکستگی', 'شرکت']"
504,"['نفت', 'نماگرهای', 'کلان', 'تأکید', 'مکانیزم', 'انتقال']"
505,"['توسعه', 'نظریه', 'مارکوویتز', 'شارپ', 'مرزکارای', 'جدید', 'مطالعه', 'موردی', 'شرکت', 'سیمانی', 'بورس', 'تهران']"
506,"['تدوین', 'استراتژی', 'اثربخش', 'سازمانی', 'بخش', 'دولتی', 'مطالعه', 'موردی', 'گمرک', 'جمهوری', 'اسلامی']"
507,"['برآورد', 'موجودی', 'سرمایه', 'زیربخش', 'کشاورزی', 'چگونگی', 'شکل', 'گیری', 'برنامه', 'توسعه']"
508,"['تغییرات', 'شاخص', 'تورم', 'بخش', 'عمومی', 'بخش', 'سلامت', 'کشور']"
509,"['عدم', 'کارایی', 'تخصیصی', 'جانشینی', 'نهاده', 'بخش', 'صنعت']"
510,"['منحنی', 'زیست', 'محیطی', 'کوزنتس', 'ملاحظه', 'پسماندهای', 'جامد', 'شهر', 'تهران']"
511,"['تسری', 'نوسانات', 'قیمت', 'مسکن', 'بین', 'مناطق', 'مختلف', 'شهر', 'تهران', 'استفاده', 'الگوی', 'خود', 'رگرسیون', 'فضایی', 'تلفیقی', 'SAR', 'Panel', 'الگوی', 'تصحیح', 'خطای', 'برداری', 'VECM']"
512,"['مقیاس', 'رقابت', 'پذیری', 'بانکهای', 'تجاری', 'تاکید', 'عملکرد', 'بخش', 'بین', 'المللی']"
513,"['ریشه', 'مالی', 'تورم', 'تأکید', 'کسری', 'بودجه']"
514,"['نهادگرایی', 'وتاثیر', 'نظریه', 'سرل', 'مورد', 'نهادها', 'برآن']"
515,"['روند', 'تغییر', 'تکنولوژی', 'صنعت', 'سیمان']"
516,"['هزینه', 'مختلف', 'دولت', 'اشتغال', 'غیر', 'کشاورزی', 'فقر', 'مناطق', 'روستایی']"
517,"['برآورد', 'تمایل', 'پرداخت', 'بازدیدکنندگان', 'مجموعه', 'تاریخی', 'پاسارگاد', 'عوامل', 'مؤثر', 'کاربرد', 'روش', 'ارزش', 'گذاری', 'مشروط', 'CVM']"
518,"['کارآیی', 'کشورهای', 'اسلامی', 'بخش', 'بهداشت', 'آموزش', 'استفاده', 'روش', 'پوششی', 'داده', 'DEA']"
519,"['تأثیر', 'کارگیری', 'دانش', 'آموختگان', 'آموزش', 'عالی', 'رشد']"
520,"['تأثیر', 'توسعه', 'مالی', 'آزادسازی', 'تجاری', 'رشد']"
521,"['تأثیر', 'اندازه', 'دولت', 'رشد']"
522,"['تأثیر', 'توسعه', 'مالی', 'فقر', 'نابرابری', 'کشورهای', 'عضو', 'اوپک', 'OPEC']"
523,"['شکست', 'ساختاری', 'مصرف', 'انرژی', 'رشد']"
524,"['ساختاری', 'بخش', 'چهارم']"
525,"['آزادسازی', 'تجاری', 'بخشهای', 'مدل', 'تعادل', 'عمومی', 'قابل', 'محاسبه']"
526,"['تأثیر', 'مالیات', 'وصادرات', 'براشتغال', 'بخش', 'کشاورزی']"
527,"['تعیین', 'اولویت', 'کاربرد', 'ذخایر', 'گازی', 'دوره', 'مطالعه']"
528,"['تخمین', 'تابع', 'تقاضای', 'تماشای', 'لیگ', 'برتر', 'فوتبال']"
529,"['ارتباط', 'بین', 'سرمایه', 'گذاری', 'مستقیم', 'خارجی', 'تجارت', 'رشد', 'چارچوب', 'یک', 'الگوی', 'خود', 'توضیح', 'وقفه', 'گسترده', 'ARDL']"
530,"['ارزیابی', 'سیاست', 'مالیاتی', 'جنبه', 'فقر', 'نابرابری', 'آیا', 'سیاست', 'مالیاتی', 'نفع', 'فقیر', 'بوده_است']"
531,"['رقابت', 'پذیری', 'صنعت', 'فلزات', 'اساسی']"
532,"['رابطه', 'مبادله', 'نرخ', 'ارز', 'واقعی', 'کسری', 'بخش', 'تجارت', 'خارجی']"
533,"['ارزیابی', 'تغییرات', 'بهره', 'وری', 'کل', 'عوامل', 'تولید', 'بورس', 'اوراق', 'بهادار', 'تهران', 'استفاده', 'شاخص', 'تورنکویست']"
534,"['فراریت', 'بازار', 'سهام', 'تقاضا', 'سرعت', 'گردش', 'پول']"
535,"['ارزیابی', 'کارایی', 'فنی', 'تولید', 'گندم', 'استفاده', 'دو', 'رهیافت', 'پارامتریک', 'ناپارامتریک']"
536,"['سیاسی', 'عنوان', 'یک', 'برنامه', 'پژوهشی']"
537,"['اثرتجارت', 'توسعه', 'بازار', 'رشد', 'مطالعه', 'موردی', 'شرکای', 'تجاری', 'اش', 'سالهای']"
538,"['تأثیر', 'متغیر', 'کلان', 'بازار', 'بورس']"
539,"['رقابت', 'پذیری', 'دانش', 'محوردر']"
540,"['شوک', 'نفتی', 'قیمت', 'مسکن']"
541,"['عوامل', 'تعیین', 'کننده', 'سرمایه', 'گذاری', 'خصوصی', 'روش', 'خود', 'توضیح', 'برداری']"
542,"['افزایش', 'قیمت', 'انرژی', 'برق', 'خالص', 'رفاه', 'گروه', 'مختلف', 'درآمدی']"
543,"['سازگاری', 'اهداف', 'زیست', 'محیطی', 'اهداف', 'بهره', 'برداران', 'کشاورزی']"
544,"['تأثیر', 'نوسانات', 'شوک', 'ارزی', 'قیمتی', 'شاخص', 'قیمت', 'سهام', 'بورس', 'اوراق', 'بهادار', 'تهران', 'استفاده', 'رهیافت', 'خود', 'رگرسیون', 'برداری']"
545,"['عوامل', 'گذار', 'قصد', 'سرمایه', 'گذاری', 'سرمایه', 'گذاران', 'حقیقی', 'بورس', 'اوراق', 'بهادار', 'تهران']"
546,"['شناسایی', 'مدلسازی', 'تقویمی', 'بورس', 'اوراق', 'بهادار', 'تهران', 'استفاده', 'مدل', 'ARCH', 'GARCH']"
547,"['سنجش', 'بخش', 'اطلاعات', 'اولیه', 'اندازه', 'اهمیت', 'قلمرو', 'فعالیتهای']"
548,"['کاربرد', 'متغیر', 'ابزاری', 'روش', 'حداقل', 'مربعات', 'دو', 'مرحله', 'داده', 'تابلویی', 'رابطه', 'تعاملی', 'جریان', 'تجاری', 'سرمایه', 'گذاری', 'مستقیم', 'خارجی']"
549,"['سیاست', 'پولی', 'فقر', 'توزیع', 'درآمد', 'مطالعه', 'موردی']"
550,"['برآورد', 'تابع', 'تقاضای', 'آب', 'خانگی', 'شهر', 'زاهدان']"
551,"['آزاد', 'سازی', 'تجاری', 'تاکید', 'کاهش', 'نرخ', 'تعرفه', 'نابرابری', 'دستمزدها', 'استفاده', 'رهیافت', 'الگوی', 'تعادل', 'عمومی', 'قابل', 'محاسبه']"
552,"['عوامل', 'مؤثر', 'درجه', 'قیمت', 'گذاری', 'انحصاری', 'تأثیر', 'بهره', 'وری', 'صنایع']"
553,"['سودآوری', 'قواعد', 'مبادلاتی', 'میانگین', 'متحرک', 'بورس', 'اوراق', 'بهادار', 'تهران']"
554,"['کسری', 'بودجه', 'دولت', 'مصرف', 'سرمایه', 'گذاری', 'بخش', 'خصوصی']"
555,"['رابطۀ', 'تورم', 'رشد', 'نقدینگی', 'گسست', 'پایداری']"
556,"['نوسان', 'پذیری', 'نرخ', 'ارز', 'صادرات', 'محصولات', 'کشاورزی', 'کشورهای', 'مختلف']"
557,"['مالیات', 'حقوق', 'توزیع', 'درآمد']"
558,"['توقف', 'بنگاه', 'صنعتی', 'عوامل', 'مؤثر', 'مطالعه', 'موردی', 'بنگاه', 'صنعتی', 'کوچک', 'متوسط', 'استان', 'یزد', 'طی', 'برنامه', 'سوم', 'توسعه']"
559,"['برآورد', 'کمی', 'اجرای', 'موافقتنامه', 'تجاری', 'اکو', 'ECOTA', 'توسعه', 'تجارت']"
560,"['عملکرد', 'کارایی', 'صنعت', 'دامداری', 'درسطح', 'کشور', 'رهیافت', 'پوششی', 'داده', 'بازه']"
561,"['اندازه', 'گیری', 'کارآیی', 'برخی', 'هتلهای', 'شهر', 'تهران', 'استفاده', 'روش', 'پوششی', 'داده', 'DEA']"
562,"['تأثیر', 'مخارج', 'دفاعی', 'رشد', 'غیر', 'مستقیم', 'مصرف', 'خصوصی', 'مدل', 'طرف', 'عرضه']"
563,"['منابع', 'نوسانات', 'کلان', 'تاکید', 'نرخ', 'واقعی', 'ارز', 'طی', 'سالهای']"
564,"['فناوری', 'اطلاعات', 'ارتباطات', 'ICT', 'رشد', 'کشورهای', 'عضو', 'اوپک', 'OPEC']"
565,"['بهبود', 'عملکرد', 'پیش', 'بینی', 'مالی', 'ترکیب', 'مدلهای', 'خطی', 'غیرخطی', 'خودرگرسیون', 'میانگین', 'متحرک', 'انباشته', 'شبکه', 'عصبی', 'مصنوعی']"
566,"['هزینه', 'فایده', 'آموزشهای', 'فنی', 'حرفه', 'مراکز', 'ثابت', 'آموزشی']"
567,"['کاربرد', 'روش', 'شناسی', 'ترجیحات', 'آشکار', 'شده', 'آزمون', 'رفتار', 'عقلایی', 'خانوارهای', 'روستایی']"
568,"['مدل', 'چانه', 'زنی', 'صادرات', 'گاز', 'طبیعی', 'اروپای', 'غربی', 'رویکرد', 'مدل', 'VECM']"
569,"['تأثیر', 'مخارج', 'مصرفی', 'سرمایه', 'دولت', 'سرمایه', 'گذاری', 'بخش', 'خصوصی']"
570,"['خوداشتغالی', 'درمقابل', 'بیکاری', 'مورد']"
571,"['ساختار', 'سنی', 'جمعیت', 'پس', 'انداز', 'جامعه']"
572,"['تغییر', 'فروض', 'مدل', 'انتظارات', 'خنثایی', 'پول', 'لوکاس']"
573,"['استفاده', 'روش', 'دلفی', 'فازی', 'تعیین', 'سیاستهای', 'مالیاتی', 'کشور']"
574,"['شناسایی', 'چگونگی', 'روشهای', 'تأمین', 'منابع', 'مالی', 'نظام', 'سلامت', 'کشورهای', 'منتخب', 'فاصله', 'سالهای', 'ارائه', 'سازوکارهای', 'تولید', 'منابع', 'مالی', 'جدید', 'نظام', 'سلامت']"
575,"['کاربرد', 'شبکه', 'عصبی', 'مصنوعی', 'زمان', 'بندی', 'معاملات', 'سهام', 'رویکرد', 'تکنیکی']"
576,"['ارزیابی', 'گسترش', 'اتحادیه', 'تجاری', 'اکو']"
577,"['اولویت', 'بندی', 'عوامل', 'موثر', 'قیمت', 'نفت', 'خام', 'صادراتی']"
578,"['تأثیر', 'سیاستهای', 'پولی', 'مالی', 'متغیرهای', 'عمده', 'بخش', 'کشاورزی']"
579,"['ارائه', 'یک', 'الگوریتم', 'فرا', 'ابتکاری', 'جهت', 'انتخاب', 'سبد', 'سهام', 'نظر', 'گرفتن', 'محدودیت', 'عدد', 'صحیح']"
580,"['مقایسه', 'کارکرد', 'مدل', 'لاجیت', 'روش', 'درختهای', 'طبقه', 'بندی', 'رگرسیونی', 'فرآیند', 'اعتبار', 'سنجی', 'متقاضیان', 'حقیقی', 'استفاده', 'تسهیلات', 'بانکی']"
581,"['پیش', 'فرضهای', 'تقاضا', 'نظر', 'برخی', 'اقتصاددانان', 'مسلمان', 'بازنگری', 'آنها', 'معرفت', 'شناختی', 'مطلوبیت']"
582,"['ارزیابی', 'سیاستهای', 'آزادسازی', 'مالی', 'تغییرات', 'نرخ', 'بهره', 'بانکی', 'توسعه', 'بخش', 'مالی', 'استفاده', 'تکنیک', 'VECM']"
583,"['رشد', 'آلودگی', 'هوا']"
584,"['رابطه', 'بین', 'توسعه', 'بازارهای', 'مالی', 'رشد']"
585,"['روند', 'تحولات', 'سایه', 'رویکرد', 'DYMIMIC']"
586,"['مولفه', 'موثر', 'رقابت', 'پذیری', 'بنگاه']"
587,"['کاربرد', 'تکنیک', 'TOPSIS', 'اولویت', 'بندی', 'مکانی', 'استقرار', 'صنایع', 'تبدیلی', 'کشاورزی', 'مناطق', 'روستایی']"
588,"['تحقق', 'رشد', 'بهره', 'وری', 'کل', 'عوامل', 'کمک', 'مدلهای', 'تعمیم', 'یافته', 'پوششی', 'داده', 'همراه', 'مطالعه', 'موردی', 'شرکت', 'ملی', 'نفت']"
589,"['ارائه', 'مدل', 'ریاضی', 'جهت', 'اندازه', 'گیری', 'بهره', 'وری', 'سوخت', 'بخش', 'حمل', 'نقل', 'زمینی']"
590,"['عوامل', 'موثر', 'تقاضای', 'پزشک', 'عمومی', 'پیش', 'بینی', 'تعداد', 'پزشک', 'عمومی', 'سال']"
