,keywords
0,"['همه گیری', ' کووید- ۱۹ ', ' آسیب پذیری اقتصادی', ' مدل انتقال ملایم پانلی', ' سطوح درآمدی']"
1,"['اقتصاد ایران', ' سوءتخصیص', ' سرمایه ی فیزیکی', ' کارگاه های صنعتی']"
2,"['رشد اقتصادی', ' انتشار دی اکسید کربن', ' مصرف انرژی', ' معادلات همزمان', ' الگوی فضایی']"
3,"['الگوی تعادل عمومی پویای تصادفی', ' سیاست های پولی', ' مکانیسم انتقال پولی', ' منابع نقدینگی']"
4,"['ارزش افزوده بخش کشاورزی', ' ریسک تغییرات اقلیم', ' شاخص عملکرد تغییر اقلیم', ' روش رگرسیون چندکی']"
5,"['کلیدواژه ها: بازار مالی', ' بحران مالی', ' نظام بانکی']"
6,"['تغییرات اقلیمی', ' اقتصاد رفتاری', ' سوگیری شناختی', ' تلنگر', ' سوگیری تنزیل هذلولی', ' سوگیری زیان گریزی', ' اثر قالب بندی']"
7,"['تحریم های اقتصادی', ' عرضه مسکن', ' تقاضای مسکن', ' نرخ ارز', ' ایران']"
8,"['بازار رمزارزها', ' تجزیه مود متغیر', ' توابع کاپولا', ' شاخص سهام', ' وابستگی ساختاری']"
9,"['حالت های سفر', ' شبکه معابر', ' شهر اصفهان', ' مورفولوژی شهری']"
10,"['امنیت انرژی', ' بلایای طبیعی', ' حداقل مربعات کاملا اصلاح شده']"
11,"['اقتصاد رفتاری', ' اقتصاد مسکن', ' قیمت مسکن', ' تورم']"
12,"['نابرابری درآمدی', ' ضریب جینی', ' اشتغال در بخش خدمات', ' توزیع ناعادلانه', ' استان های ایران']"
13,"['تجارت بین المللی', ' مناطق اقتصادی', ' نظریه وابستگی به منابع', ' نظریه شبکه پیچیده']"
14,"['رشد واردات – تولید', ' رشد صادرات - تولید', ' علیت غیرخطی', ' رویکرد غیرخطی MS-VAR']"
15,"['اقتصاد ایران', ' تأمین اجتماعی', ' تکافل', ' روش گشتاورهای تعمیم یافته', ' نابرابری اقتصادی']"
16,"['اقتصاد شهری', ' جرم و جنایت', ' بیکاری', ' اقتصادسنجی فضایی', ' ایران']"
17,"['نسبت چشم پوشی', ' بدهی دولت', ' هدف گذاری تورم', ' شفافیت سیاست های پولی', ' مدل رگرسیون انتقال ملایم']"
18,"['آلودگی هوا', ' الگوی رشد درون زا', ' رویکرد بیزین', ' کارایی انرژی']"
19,"['حساسیت اضافی مصرف', ' شمول مالی', ' محدودیت نقدینگی', ' هموارسازی مصرف']"
20,"['جمهوری اسلامی ایران', ' فقر', ' مکانیسم تعامل']"
21,"['بحران ارزی', ' سیستم هشدار زودهنگام', ' الگوی پروبیت']"
22,"['الگوهای خودتوزیع با وقفه های گسترده خطی (ARDL) و غیر خطی (NARDL) ', ' نفرین منابع مالی', ' توسعه مالی', ' رانت منابع']"
23,"['شاخص پیشرفت اجتماعی', ' تولید ناخالص داخلی سرانه', ' درون زایی', ' سیستم معادلات همزمان', ' روش حداقل مربعات سه مرحله ای (۳ SLS)']"
24,"['ارزیابی سیاست', ' مشوقهای مالیاتی', ' تحقیق و توسعه', ' مدلهای رگرسیون کسری', ' سیاست مالی']"
25,"['سرمایه گذاری مستقیم خارجی', ' پنل دیتا', ' جرم']"
26,"['پویایی های قیمت نفت', ' سیاست مالی', ' متغیرهای کلان اقتصادی', ' همدوسی موجک جزئی']"
27,"['فناوری اطلاعات و ارتباطات (ICT) ', ' ردپای اکولوژیکی سرانه', ' تولید ناخالص داخلی سرانه', ' شاخص پیچیدگی اقتصادی', ' روش گشتاورهای تعمیم یافته']"
28,"['صنعت گردشگری', ' ریسک سیاسی', ' نرح ارز', ' نرخ تورم', ' QARDL', ' NARDL']"
29,"['TVP-VAR', ' نوسانات تصادفی', ' تولیدناخالص داخلی واقعی غیرنفتی', ' ردپای بوم شناختی']"
30,"['پیچیدگی اقتصادی', ' ردپای اکولوژیکی', ' رشد اقتصادی', ' کشورهای اوپک', ' روش گشتاورهای تعمیم یافته']"
31,"['توسعۀ پایدار', ' پویایی شناسی سیستم ها']"
32,"['تجارت خارجی', ' نرخ ارز', ' رشد اقتصادی', ' تورم']"
33,"['ارز دیجیتال ملی', ' پویایی سیستم', ' سیاست های پولی']"
34,"['مالیات محلی', ' عوارض شهروندی', ' اندازۀ بهینۀ شهر', ' کلان شهرهای ایران']"
35,"['مدل سازی اقتصادی', ' بازار برق', ' شبکه تبادل برق', ' یکپارچگی منطقه ای', ' ایران و همسایگان غربی']"
36,"[': جهانی شدن', ' فساد', ' مدل انتقال ملایم آستانه ای پانلی', ' کشورهای عضو سازمان کنفرانس اسلامی']"
37,"['تابع واکنش بانک مرکزی', ' سیاست ارزی ایران', ' سیاست ارزی ترکیه', ' سیاست ارزی مکزیک']"
38,"['پیش بینی', ' عرضه نیروی کار', ' تقاضای نیروی کار', ' نرخ مشارکت', ' جمعیت']"
39,"['کارآفرینی', ' اشتغال', ' اثرات فضایی', ' استان های ایران']"
40,"['گردشگری', ' آسیب پذیری اقتصادی', ' کشورهای درحال توسعه', ' PSTR']"
41,"['پیچیدگی اقتصادی', ' مصرف انرژی تجدیدپذیر', ' انتشار دی اکسید کربن', ' آلودگی زیست محیطی', ' کشورهای در حال توسعه']"
42,"['صادرات', ' مقررات زیست محیطی', ' حاکمیت قانون', ' کیفیت مقررات', ' کشورهای در حال توسعه', ' کالاهای مدیریت کننده آلودگی']"
43,"['شوک های قیمت نفت', ' نرخ یافتن شغل', ' نرخ ورود به بیکاری']"
44,"['تنوع شرکای تجاری', ' خودرگرسیون برداری ساختاری (SVAR) ', ' اقتصاد ایران', ' نظریه لوکوموتیو']"
45,"['خلق پول', ' حاکمیت قانون', ' کیفیت مقررات', ' مدل رویکرد آستانه ای پانل']"
46,"[': اپیدمی کووید ۱۹ ', ' شاخص بازده سهام', ' بازارهای مالی', ' همبستگی شرطی ثابت', ' همبستگی شرطی پویا']"
47,"['بیماری همه گیر', ' ریسک فاجعه سلامت', ' مخارج سلامت عمومی', ' تعادل عمومی تصادفی پویا', ' کینزی جدید.']"
48,"['مدل داده ستانده', ' سرمایه', ' اقتصاد منطقه ای', ' روش چارم']"
49,"['هدفمندسازی یارانه ها', ' خانوارهای روستایی', ' اطلاعات ناقص و محدودیت بودجه', ' روش بهینه سازی عددی']"
50,"['بهره وری نیروی کار', ' تحلیل داده-ستانده', ' تحلیل تجزیه ساختاری', ' تجارت خارجی']"
51,"['ارز دیجیتال', ' انرژی', ' بیت کوین', ' پویایی سیستم', ' محیط زیست']"
52,"['سالخوردگی جمعیت', ' آلودگی هوا', ' روش گشتاورهای تعمیم یافته در سری های زمانی']"
53,"[': بودجه', ' بودجه ریزی', ' بودجه تملک دارایی های سرمایه ای', ' بشکه گوشت خوک']"
54,"['جدول داده-ستانده (IO) ', ' توان اشتغال زایی', ' روش سنتی', ' روش حذف فرضی ملر و مارفان', ' روش اصلاح شده حذف فرضی ملر و مارفان']"
55,"['شاخص پیچیدگی اقتصادی', ' تولید ناخالص داخلی', ' تئوری O-ring', ' روش خودرگرسیون برداری بیزین (BVAR)']"
56,"['رشد اقتصادی', ' توان خانوار در مواجهه با ریسک', ' کمک های رسمی توسعه ای', ' باز بودن تجاری', ' تحلیل مؤلفه های اصلی', ' رگرسیون انتقال ملایم']"
57,"['اقتصاد سیاسی تورم', ' تورم', ' سطح تحلیلی توسعه', ' تولید محوری']"
58,"['حسابداری ملی', ' به هنگام سازی', ' حساب های مالی', ' صادرات', ' ایران']"
59,"['برده داری', ' آسیب پذیری', ' کار اجباری', ' ازدواج اجباری', ' منطق فازی']"
60,"['همگرایی', ' شاخص فلاکت', ' اقتصادسنجی فضایی', ' بی انضباطی پولی']"
61,"['شاخص توسعه انسانی', ' شاخص توسعه سیاسی', ' ردپای اکولوژیکی', ' فرضیه کوزنتس زیست محیطی', ' گشتاورهای تعمیم یافته سیستمی']"
62,"['خصوصی سازی', ' آلودگی محیط زیست', ' روش خود رگرسیون برداری با پارامترهای قابل تغییر طی زمان', ' ایران']"
63,"['صندوق سرمایه گذاری', ' بازار سرمایه', ' رشد اقتصادی', ' بازار اولیه', ' مدل گشتاور های تعمیم یافته (GMM)']"
64,"['خدمات مالی', ' رشد اقتصادی', ' رفاه اجتماعی', ' مالیات', ' مدل تعادل عمومی قابل محاسبه']"
65,"['گردشگری', ' سرمایه گذاری مستقیم خارجی', ' نرخ ارز', ' روش خودرگرسیونی با وقفه های توزیعی غیرخطی']"
66,"['فسادمالی', ' پولشویی', ' جنسیت', ' ادیان', ' دولت']"
67,"['سیستم بانکی', ' سودآوری بانک', ' مدیریت ریسک', ' شاخص تمرکز']"
68,"['سیاست پولی', ' نرخ بهره', ' نقدینگی', ' حباب قیمت بازار سهام', ' روش خودرگرسیون برداری با پارامتر متغیر در زمان']"
69,"['آسیب پذیری و تاب آوری اقتصادی', ' توسعه پایدار', ' نظریه گراف', ' الگوریتم تارجان', ' شاخص ترکیبی']"
70,"['بارش', ' تولید', ' آب زیرزمینی', ' الگوهای پویا', ' ناامنی غذایی']"
71,"['شاخص فقر چند بعدی', ' تحلیل فقر چند بعدی', ' روش الکایر- فوستر', ' فقر چند بعدی کودکان']"
72,"['الگوی تعادل عمومی پویای تصادفی', ' اقتصاد باز', ' سیاست های پولی', ' متغیرهای کلان اقتصاد ایران']"
73,"['سیاست پولی', ' توزیع درآمد و ثروت', ' مدل سازی عامل بنیان']"
74,"['توسعه دولت الکترونیک', ' بهره وری نیروی کار', ' کشورهای در حال توسعه', ' خودرگرسیون برداری با داده های پنلی']"
75,"['آزادسازی تجاری', ' نرخ بیکاری', ' رقابت استانی', ' اقتصادسنجی فضایی']"
76,"['مدل داده-ستانده نیمه بسته درونزا', ' مصرف خانوار', ' فیلتر کالمن']"
77,"['تغییرات سا ختاری', ' نابرابری', ' هکشر- اوهلین', ' مزیت نسبی']"
78,"['شبکه', ' بهینه سازی', ' زنجیره تأمین سبز', ' فرآوری آبزیان']"
79,"['تسهیلات بانکی', ' مطالبات غیرجاری', ' ریسک اعتباری', ' مدل داده های پانل سه بعدی']"
80,"['تاب آوری بانکی', ' ثبات بانکی', ' سودآوری بانکی', ' کارآیی بانکی']"
81,"['مدل های تصمیم گیری چند معیاره (MADM) ', ' یارانه انرژی', ' شاخص توسعه پایدار', ' رویکرد TOPSIS', ' رویکرد VIKOR']"
82,"['نظام بازنشستگی ایران', ' ناترازی مالی', ' توابع واکنش آنی', ' اصلاحات پارامتریک']"
83,"['تحریم های مالی', ' مدل ور بیزی (خود رگرسیون برداری بیزی) ', ' تابع پیشین جستجوی تصادفی انتخاب متغیر در مدل های خود رگرسیون برداری', ' متغیرهای کلان اقتصادی']"
84,"['مدل کلان سنجی داده های ترکیبی با تواتر متفاوت', ' اقتصاد ایران', ' تحریم', ' سیاست ارزی']"
85,"['تحریم', ' درآمد نفتی', ' درجه عبور نرخ ارز', ' تورم', ' نرخ ارز']"
86,"['بخش های کلیدی', ' برنامه ریزی منطقه ای', ' رشد اقتصادی', ' مدل داده - ستانده', ' استان یزد']"
87,"['بهره وری کل عوامل', ' صادرات با فناوری متوسط و پیشرفته', ' کشورهای در حال توسعه و توسعه یافته', ' رویکرد PSTR']"
88,"['ردپای اکولوژیکی', ' رشد اقتصادی', ' انرژی های تجدیدپذیر', ' انرژی های تجدیدناپذیر']"
89,"['انتشار دی اکسید کربن', ' نااطمینانی سیاست اقتصادی', ' قیمت نفت', ' روش خودرگرسیونی با وقفه های توزیعی غیرخطی']"
90,"['رقابت', ' قدرت بازار', ' بازار برق', ' رشد اقتصادی پایدار']"
91,"['نظام بازنشستگی', ' مدل DSGE', ' بیماری های نوپدید', ' سالمندی جمعیت', ' توابع واکنش آنی']"
92,"['صنعت بیمه', ' ثبات مالی', ' متغیرهای کلان اقتصادی', ' مارکوف سوئیچینگ']"
93,"['تقاضای پول', ' جانشینی پول', ' نااطمینانی تورم', ' ARDL']"
94,"['توسعه مالی', ' بی ثباتی مالی', ' رشد اقتصادی', ' گشتاور تعمیم یافته سیستمی', ' خاورمیانه']"
95,"['سیاست مالی', ' درآمدها و مخارج دولت', ' علیت تودا-یاماموتو', ' همبستگی موجک', ' اختلاف فاز']"
96,"['سیاست ارزترجیحی', ' مناطق شهری', ' مصرف مواد غذایی', ' مدل ARDL-PANEL']"
97,"['آینده پژوهی', ' کسب و کارهای کوچک', ' فضای کسب و کار', ' PESTEL', ' تایدا']"
98,['سرمایه دانش بنیان- صنایع کارخانه ای – تحلیل عاملی اکتشافی']
99,"['آموزش', ' توسعه پایدار', ' آرلانو- باور / بوندل – باند دومرحله ای', ' SGMM-DPD فضایی دوربین']"
100,"['آسیب پذیری ساختاری اقتصادی', ' سرمایه گذاری مستقیم خارجی', ' ایران', ' کشورهای منطقه منا', ' گشتاورهای تعمیم یافته']"
101,"['رشد سبز', ' مصرف انرژی اولیه', ' انتشار دی اکسیدکربن', ' تحلیل داده - ستانده انرژی']"
102,"['نرخ ارز حقیقی', ' تراز تجاری', ' مدل رگرسیون گذار ملایم', ' شاخص تجارت دورن صنعتی']"
103,"['رفاه', ' پایداری', ' شاخص رفاه پایدار', ' اثر آستانه ای', ' رگرسیون انتقال ملایم']"
104,"['آزاد سازی تجاری', ' سازمان همکاری شانگهای', ' تعادل عمومی قابل محاسبه (CGE) ', ' پروژه تحلیل تجارت جهانی (GTAP)']"
105,"['تعادل عمومی پویای تصادفی', ' سیاست بهینه پولی رمزی', ' خانوارهای ریکاردویی و غیرریکاردویی']"
106,"['فرار مغزها', ' نابرابری توزیع درآمد', ' کشورهای در حال توسعه', ' مدل پانل آستانه ای']"
107,"['سفته بازی', ' مسکن', ' شوک های برونزا', ' روش MSVAR', ' ایران']"
108,"['تسهیلات سرمایه ای', ' تسهیلات سرمایه در گردش', ' تکانه پولی', ' تکانه مالی', ' الگوی تعادل عمومی تصادفی پویا']"
109,"['رشد اقتصادی', ' سرمایه گذاری در مسکن', ' GMMسری زمانی', ' ایران']"
110,"['توسعه آموزش عالی', ' سال های تحصیل', ' شکاف جنسیتی تحصیل']"
111,"['زنجیره های جهانی ارزش', ' شدت کربن', ' اقتصادسنجی فضایی', ' تجارت ارزش افزوده']"
112,"['اقتصاد دایره ای', ' صنایع غذایی بوشهر', ' خوشه بندی', ' تحلیل تمیز']"
113,"['آب - انرژی', ' رابطه پیوندی', ' مدیریت یکپارچه منابع', ' مدل داده - ستانده دو منطقه ای']"
114,"['حجم پول', ' ثبات تابع تقاضای پول', ' مارکوف سوئیچینگ', ' شاخص دیویزیا']"
115,"['سرمایه انسانی', ' آلودگی هوا', ' GMM سری زمانی', ' منطق فازی']"
116,"['ارزش افزوده اقتصادی', ' سرمایه انسانی', ' نیروی کار', ' هزینه های آموزشی', ' روش خودهمبسته با وقفه-های توزیعی']"
117,"[': ناآرامی اجتماعی', ' فناوری اطلاعات و ارتباطات', ' توزیع درآمد', ' نرخ تورم', ' تولید ناخالص داخلی سرانه']"
118,"['مشارکت در تولید', ' قراردادهای جدید نفتی ایران', ' قراردادهای خدماتی عراق', ' نظام مالی قرارداد']"
119,"['نابرابری درآمد', ' بی ثباتی اقتصاد کلان', ' رهیافت نامتقارن', ' ایران']"
120,"['توسعه مالی', ' بی ثباتی مالی', ' رشد اقتصادی', ' گشتاورتعمیم یافته', ' سری زمانی']"
121,"['قاعده تیلور', ' واکنش بانک مرکزی', ' واکنش دولت', ' رگرسیون کوانتایل', ' شکاف تولید']"
122,"['کنترل ترکیبی', ' منطقه آزاد انزلی', ' توسعه منطقه ای']"
123,"['اثر بازگشتی انرژی', ' مدل فضا حالت', ' پیشرفت تکنولوژی', ' ایران']"
124,"['یارانه پنهان بنزین', ' یارانه معیشتی بنزین', ' مدل داده - ستانده', ' قیمت بنزین و ایران']"
125,"['نرخ ارز', ' درآمدهای نفتی', ' پیش بینی', ' مدل های سری زمانی']"
126,"['پرتفوی بهینه', ' سرمایه گذاری', ' تعادل عمومی پویایی تصادفی', ' شوک های تصادفی', ' واکنش های آنی']"
127,"['سیستم بانکی', ' الگوی اقتصادسنجی کلان ساختاری', ' تولید', ' نرخ سود سپرده بانکی']"
128,"['تمرکززدایی مالی ترکیبی', ' تحلیل مؤلفه های اصلی', ' الگوی رگرسیون انتقال ملایم تابلویی']"
129,"['دموکراسی', ' شاخص ادراک فساد', ' سرمایه گذاری مستقیم خارجی', ' کشورهای غرب و شرق آسیا', ' روش گشتاورهای تعمیم یافته']"
130,"['کنترل فساد', ' نهادهای رسمی', ' کارآفرینی', ' منطقه منا']"
131,"['پیچیدگی اقتصادی', ' عملکرد زیست محیطی', ' منحنی کوزنتس']"
132,"['الگوی خودتوضیح برداری ساختاری', ' رشد اقتصادی', ' قیمت صادرات', ' گراف های جهت دار غیرمدور']"
133,"['خالص کمک های رسمی توسعه ای دوجانبه', ' شاخص توسعه انسانی', ' آسیا', ' حداقل مربعات کاملا اصلاح شده']"
134,"['فرضیه EKC', ' تخریب محیط زیست', ' مصرف انرژی', ' هم انباشتگی مکی']"
135,"['شاخص دینسر و ایچنگرین', ' شفافیت', ' بانک مرکزی', ' نرخ ارز', ' نوسانات']"
136,"['نظام ملی نوآوری', ' تحلیل پوششی داده های دو مرحله ای', ' خلق ابداعات و اختراعات', ' تجاری سازی ابداعات و اختراعات', ' مدل توبیت']"
137,"['تحریم های اقتصادی', ' سازمان ملل', ' ایالات متحده', ' شاخص فلاکت']"
138,"['تابع تقاضای مارشال', ' ARDL (خودرگرسیون با وقفه های توزیعی) ', ' مصرف انرژی', ' باز بودن تجارت', ' نوآوری در فناوری']"
139,"['درآمدهای نفتی', ' نرخ ارز', ' شاخص بازار سهام', ' مطالبات بانکی', ' الگوی ۳ SLS']"
140,"['عبور نرخ ارز', ' نوسانات تصادفی', ' مدل خودرگرسیون برداری با پارامترهای متغیر در طی زمان', ' تورم', ' تجزیه واریانس تاریخی']"
141,"['خود رگرسیون با وقفه های توزیعی غیرخطی پانلی', ' اثرات نامتقارن', ' قیمت نفت', ' مطالبات غیرجاری']"
142,"['اندازه دولت', ' رشد اقتصادی', ' علیت گرنجر', ' مارکوف سوئیچینگ', ' ایران']"
143,"['اقتصاد دانش بنیان', ' شاخص اقتصاد دانش بنیان منطقه ای', ' خوشه بندی', ' الگوریتمc-means فازی', ' الگوریتم k-means']"
144,"['توسعه منطقه ای', ' شاخص CIRD', ' تمرکززدایی مالی', ' روش تحلیل مؤلفه اصلی دو مرحله ای (PCA) و روش حداقل مربعات دو مرحله ای با جزء خطا (EC ۲ SLS)']"
145,"['تنظیم گری', ' دولت', ' بورس کالا', ' مچینگ']"
146,"['آموزش عالی', ' کارآیی آموزش', ' توسعه پایدار']"
147,"['سرمایه گذاری مستقیم خارجی', ' توسعه پایدار', ' کشورهای درحال توسعه', ' کشورهای دارای بازارهای نوظهور']"
148,"['صادرات', ' یارانه ضمنی', ' حامل انرژی', ' داده - ستانده']"
149,"['پیش بینی', ' رشد اقتصادی', ' مدل فضا- حالت', ' مدل عاملی', ' متوسط گیری الگوی پویا']"
150,"['رویکرد داده-ستانده', ' بخش های کلیدی ملی', ' بخش های کلیدی استانی', ' ساختار اقتصاد ایران']"
151,"['مخارج دولت', ' اقتصاد سنجی فضایی', ' همگرایی رشد', ' سرمایه انسانی']"
152,"['توسعه مالی', ' قیمت نفت', ' رانت نفت', ' رگرسیون غلتان']"
153,"['پانل پروبیت کسری', ' متغیرهای واکنشی کسری در بازه صفر و یک', ' ضریب جینی', ' اقتصاد منطقه ای']"
154,"['ایران', ' چرخه اعتباری', ' چرخه تجاری', ' هم حرکتی', ' روش خودرگرسیونی برداری ساختاری (SVAR)']"
155,"['گذر نرخ ارز', ' درجه واردات محوری', ' درجه صادرات محوری', ' محدودیت مالی']"
156,"['تورم', ' پول درونزا', ' پایه پولی', ' نقدینگی', ' علیت طیفی']"
157,"['فرار سرمایه', ' روش باقیمانده ها', ' اقتصاد ایران']"
158,"['کیفیت نهادی', ' تکانه های نفتی', ' کشور صادرکننده نفت', ' الگوی تعادل عمومی پویای تصادفی', ' ایران.']"
159,"['سرمایه انسانی', ' دانش', ' پیچیدگی اقتصادی', ' اقتصاد ایران']"
160,"['کمیت فرزندان', ' کیفیت فرزندان', ' مشخصه های والدین', ' خانواده های ایرانی']"
161,"['سوءتغذیه', ' رشد اقتصادی', ' مخارج بهداشتی', ' ARDL', ' ایران']"
162,"['تقاضای آب', ' داده های ترکیبی', ' جمعیت']"
163,"['تنظیم', ' سقف قیمت', ' شرکتهای آب و فاضلاب شهری', ' ایران', ' عامل x', ' کیفیت']"
164,"['مرگ ومیر', ' آلودگی هوا', ' قلبی-عروقی', ' تنفسی', ' سرطان', ' گوارشی']"
165,"['طرح تحول سلامت', ' هزینه های تحمل ناپذیر', ' زایش فقر', ' شبه پنل', ' چرخه زندگی']"
166,"['سرمایه گذاری مستقیم خارجی', ' شکاف تکنولوژی', ' رگرسیون آستانه ای پانل']"
167,"['سرمایه گذاری مستقیم خارجی', ' رشد اقتصادی', ' اشتغال', ' مدل غیرخطی']"
168,"['قاچاق کالا', ' اشتغال', ' ایران', ' شاخص چندگانه- علل چندگانه (MIMIC) ', ' آزمون کرانه ای خودرگرسیون برداری با وقفه های گسترده (ARDL Bounding test)']"
169,"['فساد اداری', ' فساد مالی', ' معیارهای سلامت مالی', ' حق الوکاله']"
170,['اقتصاد نهادی\nاقتصاد شناختی\nباورخودکارآمدی']
171,"['رشد اقتصادی', ' نابرابری درآمدی', ' نرخ بازدهی سرمایه']"
172,"['بار نظامی', ' درآمدهای نفتی', ' رشد اقتصادی', ' سرمایه گذاری خصوصی', ' همدوسی موجکی', ' ایران']"
173,"['رشد اقتصادی ایران', ' سرمایه گذاری مستقیم خارجی', ' درآمد های انتقالی', ' کمک رسمی توسعه ای']"
174,"['سیکل های تجاری', ' قیمت دارایی ها', ' مدل غیرخطی', ' رگرسیون انتقال هموار']"
175,"['کارآیی فاصله ای', ' کارآیی خوش بینانه', ' کارآیی بدبینانه', ' رتبه بندی', ' سودآوری', ' کشاورزی']"
176,"['یکسان سازی نرخ ارز', ' خط فقر درونزا', ' شاخص فقر FGT', ' مدل تعادل عمومی قابل محاسبه (CGE)']"
177,"['اقتصاد سایه', ' تأثیر نامتقارن', ' مدل NARDL']"
178,['توسعه مالی\nرشد صنعتی\nاندازه بنگاه\nروش GMM']
179,"['مخارج دولت', ' درآمد مالیاتی', ' درآمد نفتی', ' همجمعی آستانه', ' تصحیح خطای نامتقارن']"
180,"['اندازه گیری فقر', ' فقر پویا', ' داده های تابلویی ترکیبی', ' مناطق شهری', ' ایران']"
181,"['مخارج دولت', ' مالیات', ' ضریب فزاینده سیاست مالی', ' مدل مارکوف سوئیچینگ', ' ادوار تجاری']"
182,"['تحلیل پوششی داده های فازی', ' داده های غیر دقیق', ' کارآیی زیست محیطی کربن', ' کشورهای نفتی']"
183,['دسترسی به فناوری اطلاعات و ارتباطات\nنابرابری درآمد\nگشتاورهای تعمیم یافته پویا']
184,"['بهره وری نیروی کار', ' تمرکز جغرافیایی', ' توزیع سطح تحصیلات شاغلان', ' داده های تابلویی']"
185,['رجحان های بانک مرکزی\nقاعده پولی بهینه\nکنترل بهینه\nبرنامه ریزی پویا خطی درجه دو\nاقتصاد ایران']
186,"['توسعه مالی', ' رشد اقتصادی', ' مدل های پویای ساختاری با پارامترهای متغیر']"
187,"['بیش حساسیت', ' فرضیه درآمد دائمی', ' هموارسازی مصرف', ' محدودیت نقدینگی', ' داده های بودجه خانوار']"
188,['ثبات بانکی\nسرمایه اجتماعی\nSYS-GMM']
189,"['دموکراسی', ' امنیت حقوق مالکیت', ' فساد مالی']"
190,"['ایران', ' پیش بینی', ' رشد کشاورزی', ' رگرسیون با داده های ترکیبی', ' مدل ARDL']"
191,['بازار نفت\nنظریه بازی\nاوپک\nنرخ تنزیل آتی']
192,"['توسعه صنعتی', ' فراگیری', ' پایداری', ' روش همگرایی']"
193,"['سیاست پولی', ' الگوسازی کلان به خرد', ' ضریب جینی', ' توزیع درآمد']"
194,"['پرداخت های کارتی', ' توسعه مالی', ' داده های پانل', ' استان ها']"
195,"['قیمت انرژی', ' سرمایه گذاری مستقیم خارجی', ' شدت انرژی', ' شکست ساختاری', ' ایران']"
196,"['شدت صادرات', ' مالکیت خصوصی', ' نرخ ارز حقیقی', ' صنایع تولیدکننده وسایل حمل و نقل ایران', ' رویکرد گشتاورهای تعمیم یافته پویا (GMM)']"
197,"['امنیت اقتصادی', ' ساختار سنی جمعیت', ' روش فازی', ' GMM']"
198,"[': رفتار اخلاقی', ' تئوری انتخاب عقلانی', ' مدل رفتاری جدید', ' شواهد تجربی', ' کمک های انسان دوستانه زمانی']"
199,"['نوسانات نرخ ارز مؤثر واقعی', ' ارزش افزوده بخشهای اقتصادی', ' تکنیک مارکوف- سوئیچینگ', ' داده های تابلویی', ' تکنیک متوسط درون مقطعی ترکیب شده', ' استان آذربایجان شرقی']"
200,"['بدهی دولت', ' رشد اقتصادی', ' کسری بودجه', ' فضای مالی']"
201,"['الگوی تعادل عمومی پویای تصادفی', ' مالیات بر آلودگی', ' مجوز انتشار آلودگی', ' رفاه اجتماعی', ' کیفیت نهادی', ' ایران']"
202,"['جرائم علیه اموال', ' جرائم خشونت آمیز', ' نابرابری درآمدی', ' علیت دوطرفه', ' آزمون علیت هیسائو']"
203,"['برنامه های محرک مالی', ' ضریب فزاینده', ' مالیات بر ارزش افزوده', ' مدل تعادل عمومی پویای تصادفی']"
204,"['اقتصاد دانش بنیان', ' مارپیچ چهارگانه نوآوری', ' حکمرانی خوب']"
205,"['توسعۀ مالی', ' نابرابری توزیع درآمد', ' عمق مالی', ' کارآیی مالی', ' خودرگرسیون برداری ساختاری']"
206,"['طراحی سازوکار', ' طراحی بازار', ' تئوری تطبیق', ' مدل مبادله کلیه کارا', ' الگوریتم به هم رسانی']"
207,"['ضریب نفوذ بیمه زندگی', ' ضریب نفوذ بیمه غیرزندگی', ' رشد اقتصادی', ' مدل رگرسیون انتقال ملایم']"
208,"['نااطمینانی شغلی', ' بیکاری', ' نرخ باروری', ' استان های ایران']"
209,"['پیمان کیوتو', ' کنفرانس پاریس', ' بازار مجوزها', ' برنامه سقف انتشار و مبادله', ' گازهای گلخانه ای', ' صنعت آهن و فولاد']"
210,"['رویکرد قابلیت', ' زمان فراغت', ' فقر درآمدی', ' فقر زمان', ' مطلوبیت']"
211,"['سیاست پولی', ' سیاست کلان احتیاطی', ' پاداش تأمین مالی', ' اقتصاد ایران']"
212,"['آب خانگی', ' سیستم تقاضای تقریبا ایده آل', ' هدفمندی یارانه ها', ' متغیرهای اقتصادی-اجتماعی']"
213,"['سیاست پولی نامتقارن', ' رشد اقتصادی', ' توسعه مالی', ' الگوی مارکوف-سوئیچینگ']"
214,"['تئوری بازی', ' مدل استکلبرگ', ' زیان اجتماعی', ' اوراق مشارکت']"
215,"['مساله رمزی', ' قاعده فریدمن', ' سیاست بهینه', ' تعادل عمومی پویای تصادفی', ' شبیه سازی']"
216,"['بخش خدمات', ' تولید ناخالص ملی ایران', ' رویکرد فیشر و سیتر', ' خنثایی و ابر خنثایی بلندمدت پول']"
217,"['رفتار بین دوره ای', ' اکنون گرایی', ' اقتصاد شناختی', ' اقتصاد آزمایشگاهی']"
218,"['الگوی داده های ترکیبی با تواتر متفاوت', ' میداس', ' ساختار سنی جمعیت', ' مخارج مصرفی دولت']"
219,"['حکمرانی', ' توسعه', ' کشورهای صادرکننده نفت', ' خاورمیانه']"
220,"['اقتصاد جرم', ' نابرابری درآمدی', ' اقتصاد سنجی بیزین']"
221,"['خط فقر', ' شاخص های فقر', ' عملکرد دولت', ' خانوارهای شهری']"
222,"['تورم', ' توسعه مالی', ' اشتغال', ' مدل رگرسیون انتقال ملایم (STR)']"
223,"['انتقال نرخ ارز', ' شاخص قیمت مصرف کننده', ' مدل تعادل عمومی پویای تصادفی']"
224,"['نااطمینانی های نرخ ارز مؤثر واقعی', ' ارزش افزوده زیر بخشهای صنعت', ' مدل های گارچ', ' هدریک وپرسکات', ' داده های تابلویی', ' کدهای دورقمی ISIC-REV ۴']"
225,"['شاخص کل قیمت سهام', ' سیاست پولی بهینه', ' مدل تعادل عمومی پویای تصادفی']"
226,"['تئوری جهش پولی نرخ ارز', ' مدل رشد تعمیم یافته سولو', ' تکنیک پانل دیتا']"
227,"['اندازه دولت', ' هزینه مالیات', ' فرضیه کائو و روبین', ' ایران', ' رگرسیون هم جمعی کانونی (CCR)']"
228,"['قاچاق کالا', ' تحریم', ' نرخ ارز دوگانه', ' روش E-MIMIC']"
229,"['بازار اقتصادی', ' بازار سیاسی', ' عدم محدودیت زمانی رأی', ' نظریه رأی دهنده عقلانی آنتونی داونز', ' الگوی پولی ساموئلسن']"
230,"['توسعه مالی', ' ساختار مالی', ' بی ثباتی رشد اقتصادی', ' ARDL', ' GARCH']"
231,"['اشتغال زایی بخش خصوصی', ' اشتغال زایی بخش عمومی', ' تعرفه واردات', ' جدول داده-ستانده']"
232,"['پس انداز اصیل', ' قاعده هارتویک', ' توسعه پایدار', ' ایران']"
233,"['سرمایه ملموس و ناملموس', ' رانت منابع طبیعی', ' رگرسیون های به ظاهر نامرتبط']"
234,"['صندوق توسعه ملی', ' الگوی اقتصادسنجی کلان ساختاری', ' رشد اقتصادی', ' شبیه سازی پویا', ' روش ARDL']"
235,"['نابرابری چند بعدی', ' ضریب جینی', ' شاخص آنتروپی', ' شاخص بورگیگنون']"
236,"['الگوی مخارج خانوار', ' یارانه نقدی', ' هزینه- درآمد', ' پانل دیتا']"
237,"['تجزیه تغییرات فقر', ' پویایی های فقر', ' برنامه های توسعه ایران', ' روش تجزیه شش جزئی']"
238,"['اقتصاد پساکینزی', ' اشتغال', ' انباشت سرمایه', ' توزیع درآمد', ' ایران']"
239,"['آلودگی هوا', ' هزینه های عمومی سلامت', ' رشد اقتصادی', ' توسعه پایدار']"
240,"['همگرایی', ' تحلیل خوشه ای', ' استان ها', ' ایران']"
241,"['کانال ترازنامه', ' دیدگاه اعتبار', ' مکانیسم انتقال پولی', ' رهیافت VAR ساختاری', ' قیمت دارایی ها']"
242,"['هزینه منابع داخلی', ' مزیت نسبی', ' اثرات خارجی', ' روش ارزش گذاری مشروط', ' تمایل به دریافت']"
243,"['درآمد مالیاتی', ' درآمد نفتی', ' صندوق توسعه ملی', ' تعادل عمومی پویای تصادفی']"
244,"['سرکوب مالی', ' پایداری مالی', ' شاخص z-score']"
245,"['بازار سهام', ' سیاست پولی', ' مکانیسم انتقال پول', ' شاخص قیمت سهام']"
246,"['سهم درآمدی نیروی کار', ' کشش جانشینی بین سرمایه و نیروی کار', ' تابع تولید CES', ' مارک آپ قیمت']"
247,"['حکمرانی خوب', ' توزیع درآمد', ' پانل داده ها', ' جنوب غربی آسیا']"
248,"['نرخ باروری کل (TFR) ', ' تعیین کننده های اقتصادی– اجتماعی باروری', ' روش های ARDL و ECM', ' ایران']"
249,"['تورم', ' رشد اقتصادی', ' VAR ساختاری', ' تورم هسته ای', ' اقتصاد ایران']"
250,"['رفتار مصرفی خانوار', ' نظریه انگل', ' سیستم معادلات به ظاهر نامرتبط', ' حداقل مربعات تعمیم یافته عملی']"
251,"['مصرف حامل های انرژی', ' انتشار آلاینده های هوا', ' هزینه تخریب', ' تعادل عمومی محاسبه پذیر']"
252,"['ابعاد فقر', ' نرخ فقر کودکان', ' نرخ فقر مناطق']"
253,"['هدفمندی', ' شاخص هزینه زندگی', ' فقر', ' تحلیل مسیر ساختاری']"
254,"['اقتصاد زیرزمینی', ' توسعه مالی', ' مدل علل چندگانه- آثار چندگانه']"
255,"['هزینههای دولت', ' نااطمینانی', ' مصرف', ' نوسان پویا']"
256,"['مدل سازی دورهای تجاری', ' کینزین های جدید', ' معادلات تفاضلی', ' رونق', ' رکود']"
257,"['اثرات نامتقارن شوک های پولی', ' تولید ناخالص داخلی', ' رژیم های تورمی', ' سرمایه گذاری', ' مدل تعادل عمومی پویای تصادفی']"
258,"['پیش بینی', ' رشد اقتصادی', ' مدل تصحیح خطا', ' رگرسیون فازی']"
259,"['تقاضای برق بخش خانگی', ' کشش های قیمتی و درآمدی', ' پنل پویا']"
260,"['ایران', ' اوپک', ' تبانی', ' رقابتی', ' مارکف سوئیچینگ']"
261,"['همگرایی', ' بهره وری انرژی', ' اقتصادسنجی فضایی', ' اثر سرریز', ' استان های کشور']"
262,"['بیکاری', ' سیاست های پولی', ' نااطمینانی تورم', ' روش های GARCH']"
263,"['ماتریس حسابداری اجتماعی', ' بیکاری', ' یارانه', ' تولید ناخالص داخلی', ' بخش کشاورزی']"
264,"['سود', ' عقود مبادله ای', ' بانکداری اسلامی', ' تابع هزینه سایه ای', ' شبکه عصبی مصنوعی']"
265,"['مدل رشد بهینه', ' بهینه سازی پویا', ' سیاست های مالیاتی', ' مصرف', ' رشد اقتصادی']"
266,"['هزینه مبادله', ' توسعه مالی', ' داده های ترکیبی', ' اوپک']"
267,"['نوسان', ' نرخ ارز', ' تولید', ' سپرده', ' تورم', ' تجارت', ' نقدینگی']"
268,"['موجودی سرمایه', ' اشتغال', ' رهیافت پویای تقاضای نیروی کار', ' الگوی خود توضیحی با وقفه های گسترده (ARDL) ', ' بخش صنعت ایران']"
269,"['کمیت فرزند', ' کیفیت فرزند', ' آموزش']"
270,"['اخلاق اسلامی', ' امر به معروف و نهی از منکر', ' نظریه بازی ها', ' جامعه اسلامی']"
271,"['نابرابری', ' پویایی درآمد', ' رویکرد شبه پانل پویا', ' تحرک درآمدی']"
272,"['کارآیی', ' تابع مرزی تصادفی', ' بانک', ' مدل باتیس و کوئلی', ' مدل همگرایی سیگما', ' مدل همگرایی بتا']"
273,"['کسری بودجه', ' تأمین مالی تورمی', ' مالیات تورمی', ' همگرایی بلندمدت', ' ایران']"
274,"['اندازه دولت', ' اندازه کشور', ' باز بودن تجاری', ' روش پانل دیتا']"
275,"['تورم', ' اندازه دولت', ' ایران', ' رگرسیون آستانه ای']"
276,"['طراحان بودجه', ' درآمدهای دولت', ' خطای پیش بینی', ' معادلات رگرسیونی به ظاهر نامرتبط']"
277,"['نهاد', ' ایدئولوژی', ' زندگانی اخروی', ' عاملان اقتصادی', ' اخلاق']"
278,"['ظرفیت مالیاتی', ' همگرایی', ' استان های کشور ایران', ' اقتصاد سنجی فضایی']"
279,"['بهره وری', ' تعاونی های صنعتی', ' جبران خدمات']"
280,"['مواد غذایی', ' رفاه', ' تغییرات متعدد قیمت', ' آسیب پذیری', ' فقر']"
281,"['توسعه مالی', ' توزیع درآمد استانی', ' ضریب جینی', ' نابرابری درآمدی', ' داده های تابلویی']"
282,"['کفایت سرمایه', ' اهرم مالی', ' بازده دارایی ها', ' بازده حقوق صاحبان سهام']"
283,"['میانگین سال های آموزش', ' دموکراسی', ' کشمکش های داخلی', ' حداقل مربعات تعمیم یافته پانلی']"
284,"['اقتصاد زیرزمینی', ' روش منطق فازی', ' تابع تقاضای واردات']"
285,"['توسعه پایدار', ' نهاد', ' نوآوری نهادی', ' توسعه فناوری']"
286,"['میل نهایی به مصرف و ثروت', ' درآمد کار', ' کالای بادوام', ' مسکن', ' اوراق بهادار', ' پس انداز', ' ایران']"
287,"['ترجیح زمانی', ' رشد اقتصادی', ' تعهد', ' عدم وجود تعهد']"
288,"['توسعه مالی', ' سرمایه انسانی', ' الگوی خود بازگشت با وقفههای توزیعی']"
289,"['ناطمینانی تولید', ' رشد اقتصادی', ' مدل گارچ (GARCH) ', ' مدل خودرگرسیون برداری (VAR)']"
290,"['خط فقر', ' شاخص فقر فوستر- گریر- توربک', ' هزینه های کمرشکن سلامت', ' سلامت در قانون برنامه چهارم توسعه']"
291,"['داده- ستانده', ' اشتغالزایی', ' استان سیستان و بلوچستان', ' فعالیت کلیدی', ' شاخص MRI']"
292,"['کلیدی: سپرده های بانکی', ' رانت جویی', ' مدل رگرسیون خود توضیح با وقفه های گسترده', ' اقتصاد ایران']"
293,"['فساد', ' رانت', ' درآمدهای نفتی', ' ایران']"
294,"['مالیات بر ارزش افزوده', ' مصرف بنزین', ' شبکه عصبی چندلایه', ' روش ARIMA', ' روش ترکیبی']"
295,"['شبکه عصبی مصنوعی تابع پایه شعاعی', ' کارآیی زیربرداری آب', ' مدل توبیت', ' زرقان']"
296,"['مالیات بر درآمد', ' تأمین اجتماعی', ' رفاه عمومی', ' ایران']"
297,"['رشد اقتصادی', ' نابرابری درآمدی بین استان ها', ' ضریب جینی، شاخص تایل']"
298,"['افزایش درآمدهای نفتی', ' مدیریت درآمدهای نفتی', ' صندوق نفت', ' بیماری هلندی', ' مدل تعادل عمومی قابل محاسبه پویا']"
299,"['نرخ ارز', ' سرمایه گذاری', ' اشتغال', ' مدل تعادل عمومی چند منطقه ای']"
300,"['بیمه اختیاری درمان', ' جمعیت فعال در بخش غیررسمی', ' شاخص اقتصادی- اجتماعی سلامت', ' پوشش کشوری بیمه درمان']"
301,"['تابع تولید', ' تحقیق و توسعه', ' انرژی', ' الگوریتم ژنتیک پیوسته', ' ایران']"
302,"['اقتصاد بخش عمومی', ' دولت رفاه', ' قانون اساسی جمهوری اسلامی ایران', ' مکتب اقتصادی', ' نظام اقتصادی', ' فرهنگ اقتصادی', ' عدالت اقتصادی']"
303,"['نرخ ارز حقیقی موثر', ' تراز تجاری', ' مدل تصحیح خطای برداری (VECM)']"
304,"['منحنی فیلیپس مرکب کینزین های جدید', ' شکاف تولید', ' فیلتر کالمن', ' فیلتر هودریک- پرسکات', ' فیلتر باند- پس']"
305,"['تاپسیس', ' مجموعه فازی', ' اولویت بندی', ' بخش خدمات', ' سرمایه گذاری']"
306,"['شاخص قیمت مصرف کننده', ' شاخص قیمت تولید کننده', ' هم انباشتگی', ' علیت گرنجری', ' ایران']"
307,"['صرفه های ناشی از تجمع محلی', ' تجمع صنعتی', ' مدل جغرافیای اقتصادی جدید', ' رشد اقتصادی', ' روش گشتاورهای تعمیم یافته', ' استان های ایران']"
308,"['نرخ بیکاری', ' اندازه دولت', ' همجمعی', ' آزمون کرانه ها']"
309,"['صادرات گاز', ' نظریه بازی ها', ' رقابت', ' بازار گاز']"
310,"['توسعه مالی', ' کیفیت محیط زیست', ' انتشار دی اکسیدکربن']"
311,"['آسیب های اجتماعی', ' تهدیدات اجتماعی', ' بی ثباتی اجتماعی', ' رشد اقتصادی', ' الگوی ARDL']"
312,"['نرخ بهینه مالیات بر کالاها و خدمات', ' سیستم مخارج خطی', ' رگرسیون های به ظاهر نامرتبط', ' هزینه نهایی رفاه اجتماعی']"
313,"['هزینه مبادله', ' سرقفلی', ' اقتصاد نهادی', ' کرمانشاه', ' کارگاه خرده فروشی', ' اقتصاد ایران']"
314,"['توسعه مالی', ' خدمات مالی بانکی', ' مالکیت دولتی بانکها', ' رشد اقتصادی', ' آزمون علیت']"
315,"['شوکهای پولی', ' قیمت', ' مواد غذایی', ' ایران']"
316,"['دانش', ' نوآوری', ' اقتصاد دانش محور', ' بهره وری', ' رانت']"
317,"['توزیع مناسب نیروی کار', ' نیروی کار پزشکی', ' طراحی بازار', ' تئوری تطبیق', ' نظریه بازی ها']"
318,"['منحنی فیلیپس کینزی جدید', ' تورم', ' اقتصاد ایران']"
319,"['یارانه های نقدی', ' کالاهای ضروری', ' خانوارهای فقیر و متوسط']"
320,"['توسعه مالی', ' نابرابری درآمدی', ' رویکرد آزمون کرانه ها']"
321,"['یارانه', ' تغییر قیمت شیر', ' تغییر جبرانی', ' خالص رفاه مصرف کننده', ' گروه های مختلف درآمدی']"
322,"['تفاوت های بیکاری منطقه ای', ' بازار زمین و مسکن', ' پانل دیتا']"
323,"['مهاجرت نیروی کار', ' اشتغال', ' تعادل عمومی', ' ماتریس داده های خرد']"
324,"['انرژی های تجدیدپذیر', ' انرژی خورشیدی', ' الگوی بهینه', ' بهینه سازی استوار', ' ایران']"
325,"['نرخ ارز', ' نوسانات قیمت سهام', ' رفتار وامدهی بانک مسکن', ' مدل تصحیح خطای برداری (VECM)']"
326,"['بخش کشاورزی', ' تولید ناخالص داخلی', ' رهیافت فیشر- سیتر', ' خنثایی و ابرخنثایی بلندمدت پول']"
327,"['دموکراسی', ' حق رأی', ' نرخ بهینه مالیاتی', ' توزیع مجدد', ' نابرابری']"
328,"['عناصر بازار', ' ساختار', ' رفتار', ' عملکرد', ' نوآوری', ' تحقیق و توسعه', ' تمرکز', ' سودآوری', ' تبلیغات', ' صنایع کارخانه ای', ' تصحیح خطای برداری', ' هم انباشتگی']"
329,"['تحصیلات فرانیاز', ' تحصیلات فرونیاز', ' مدل وردوگو- وردوگو', ' طبقه بندی مشاغل ISCO']"
330,"['جدول متقارن', ' فرض تکنولوژی کالا', ' فرض تکنولوژی بخش', ' الگوریتم ریاضی آلمن']"
331,"['الگوریتم ژنتیک', ' الگوریتم بهینه سازی انبوه ذرات', ' شبیه سازی', ' مدل مصرف', ' درآمد دائمی', ' درآمد نسبی']"
332,"['نرخ مشارکت نیروی کار', ' مدل لوجیت', ' عرضه نیروی کار', ' آموزش عالی', ' ایران']"
333,"['موجودی سرمایه', ' روش موجودی دائمی', ' روش تابع تولید', ' ارزش افزوده بالقوه', ' فیلتر کالمن']"
334,"['بهره وری کل عوامل تولید', ' باز بودن تجاری', ' مصرف انرژی', ' کارگاه های بزرگ صنعتی', ' داده های تابلویی']"
335,"['سرمایه اجتماعی', ' توسعه انسانی', ' خودرگرسیون برداری پانل دیتا']"
336,"['کسری بودجه دولت', ' تراز تجاری', ' الگوی اقتصادسنجی کلان ساختاری', ' شبیه سازی پویا']"
337,"['ایران', ' هدفمندسازی یارانهها', ' مدلسازی ناحیه ای بخش کشاورزی', ' برنامه ریزی ریاضی مثبت', ' حداکثر بی نظمی']"
338,"['قیمت نفت', ' قیمت سکه', ' نرخ ارز', ' همبستگی پویا']"
339,"['فاصله اقتصادی', ' داده های تابلویی پویا', ' رشد اقتصادی منطقه']"
340,"['اشتغال', ' تعاون', ' تسهیلات اعتباری', ' صنعت']"
341,"['ساختار سنی جمعیت', ' درآمد سرانه', ' الگوی خودرگرسیون با وقفه های توزیعی (ARDL)']"
342,"['اثر سررسید', ' فرضیه ساموئلسون', ' فرضیه کوواریانس منفی', ' اثر جریان اطلاعات', ' قرارداد آتی']"
343,"['جدول داده- ستانده منطقه ای', ' بخش کلیدی', ' روش سهم مکانی', ' کد ISIC ۲']"
344,"['ریسک', ' ارزش در معرض ریسک', ' شبه پارامتریک', ' ارزش احتمالی کوپیک', ' بازار بورس اوراق بهادار']"
345,"['صادرات غیرنفتی', ' یارانه بیمه صادرات', ' الگوی خود توضیحی با وقفه های گسترده (ARDL)']"
346,"['تقاضای پول', ' نرخ سود', ' سیاست پولی', ' رفتار بنگاه', ' داده های تابلویی']"
347,"['بهره وری', ' عوامل واسطه', ' داده- ستانده منطقه ای']"
348,"['سرمایه انسانی', ' نهادها', ' رشد اقتصادی']"
349,"['انتظارات تورمی', ' منحنی فیلیپس', ' نرخ ارز', ' پول', ' شکاف تولید']"
350,"['عدم تقارن اطلاعاتی', ' حاکمیت شرکتی', ' بازار بورس اوراق بهادار']"
351,"['خدمات با فناوری بالا', ' صادرات خدمات', ' رقابت پذیری', ' ماندگاری', ' اقتصاد دانش بنیان']"
352,"['رشد صنعت', ' خروج بنگاه صنعتی', ' شبکه عصبی مصنوعی', ' برنامه سوم توسعه']"
353,"['پالایشگاه نفت', ' آلودگی', ' زیست کارایی', ' کارایی فنی', ' روش تحلیل پوششی داده ها']"
354,"['بخش کشاورزی', ' بهره وری کل عوامل تولید', ' نااطمینانی', ' نرخ ارز واقعی', ' ایران']"
355,"['رشد اقتصادی', ' آلودگی', ' خسارت های رفاهی ناشی از آلودگی', ' پویایی های سیستم', ' اقتصاد ایران']"
356,"['""سرمایه گذاری مستقیم خارجی"" ', ' ""تروریسم"" ', ' ""ریسک سیاسی"" ', ' ""خاورمیانه""']"
357,"['سرمایه گذاری', ' اقتصاد ورزش', ' رشد اقتصادی']"
358,"['آتی های نفت', ' مشتقات نفت', ' ثمرات رفاهی نفت', ' ریاضیات مالی و مدل های ریاضی']"
359,"['اقتصاد ایالات متحده آمریکا', ' اقتصاد ایران', ' سیکل های تجاری', ' خودرگرسیون برداری']"
360,"['دولت های محلی', ' تمرکززدایی', ' تمرکززدایی مالی', ' توزیع عادلانه منابع مالی', ' داده های تابلویی']"
361,"['سرمایه انسانی', ' رشد', ' بارو و لی', ' آموزش']"
362,"['روش خودتوضیح برداری ساختاری', ' شوک قیمتی', ' نفت و مواد غذایی', ' متغیرهای کلان اقتصادی']"
363,"['معیار', ' شاخص', ' معامله صوری', ' بانکداری بدون ربا', ' شعب بانک تجارت مشهد']"
364,"['مالیات بر ارزش افزوده', ' تورم', ' مدل قیمت', ' داده- ستانده']"
365,"['رگرسیون لجستیک', ' کارآیی فنی', ' کارآیی تخصیصی', ' کارآیی کل']"
366,"['همگرایی باشگاهی', ' اقتصاد ایران', ' حساب های منطقه ای', ' درآمد سرانه', ' آزمون های ریشه واحد در داده های تابلویی']"
367,"['تسهیلات معوق شده', ' رگرسیون لجستیک', ' تحلیل تشخیصی', ' بانک قرض الحسنه مهر ایران']"
368,"['رشد اقتصادی', ' الگوی خودتوضیح برداری', ' تجزیه واریانس', ' بیماری هلندی', ' شوک های قیمت نفت', ' درآمدهای ارزی حاصل از صادرات نفت']"
369,"['انتشار دی اکسید کربن', ' مصرف انرژی', ' رشد اقتصادی', ' علیت', ' ایران']"
370,"['مدل تعادل عمومی محاسبه پذیر', ' اصلاح یارانه', ' قیمت حامل های انرژی', ' رفاه', ' تغییرات معادل هیکس']"
371,"['نوسانات قیمت مسکن', ' مدل خود توضیح با وقفه های توزیعی', ' الگوی تصحیح خطا', ' کرمانشاه']"
372,"['کیفیت زندگی', ' شهر', ' مدل ترکیبی توسعه انسانی', ' مراکز استان ها', ' ایران']"
373,"['ناهمگونی', ' مذهب', ' قومیت', ' رشد اقتصادی منطقه']"
374,"['ساختار مالی', ' توسعه مالی', ' رشد اقتصادی', ' نظام مالی بازارمحور', ' نظام مالی بانک محور']"
375,"['تورم', ' تولید بالقوه', ' شکاف تولید', ' سرعت گردش پول', ' شکاف سرعت گردش پول', ' فیلتر هودریک- پرسکات']"
376,"[': نرخ ارز واقعی', ' مدل اتورگرسیو چرخشی مارکف', ' نظریه برابری قدرت خرید', ' رژیم چرخشی مارکف']"
377,"['طرح هدفمندی یارانه ها', ' ضرایب فزاینده درآمدی', ' ماتریس حسابداری اجتماعی', ' ایران']"
378,"['صکوک', ' صادرات', ' کالا و خدمات فنی و مهندسی', ' تأمین مالی اسلامی', ' ایران']"
379,"['حاکمیت مالی', ' تورم']"
380,"['حقوق مالکیت فکری', ' پتنت', ' رشد اقتصادی', ' ایران', ' مدل خودهمبسته با وقفه های توزیعی (ARDL)']"
381,"['اقتصاد سایه ای', ' منطق فازی', ' استنتاج فازی', ' توابع عضویت']"
382,"['پول الکترونیک', ' کارت های بدهی', ' پایانه فروش', ' اسکناس و مسکوک در گردش', ' مدل خود توضیح با وقفه های توزیعی', ' الگوی تصحیح خطا']"
383,"['ارزیابی عملکرد', ' کارآیی', ' تحلیل پوششی داده ها', ' رتبه بندی']"
384,"['آزاد سازی تجاری', ' تجزیه رفاه اقتصادی', ' تغییر معادل', ' تخصیص کارا', ' رابطه مبادله', ' انحراف مالیاتی', ' مدل جیتپ']"
385,"['کیفیت خدمت', ' شکاف کیفیت خدمت', ' الگوی کیفیت خدمت سلسله مراتبی']"
386,"['گفتمان توسعه', ' انسان شناسی', ' پسا توسعه گرایی', ' گفتمان بدیل توسعه']"
387,"['تجارت درون صنعتی', ' بلوک های منطقه ای', ' بخش صنعت', ' داده های پانل پویا', ' مقیاس اقتصادی و روش گشتاورهای تعمیم یافته']"
388,"['مدل تعادل عمومی پویای تصادفی', ' بازار کار دوگانه', ' اشتغال غیررسمی']"
389,"['عناصر بازار', ' ساختار بازار', ' رفتار', ' عملکرد', ' نوآوری', ' تحقیق و توسعه', ' تمرکز', ' سودآوری', ' کارآیی', ' تبلیغات', ' صنایع کارخانه ای', ' سیستم معادلات همزمان', ' روش حداقل مربعات دو مرحله ای با جزء خطا']"
390,"['تورم', ' نابرابری درآمد']"
391,"['متغیرمجازی دودوای', ' متغیر مجازی فازی', ' شکست ساختاری', ' تابع عضویت', ' رگرسیون انتقال هموار']"
392,"['سرمایه اجتماعی', ' توسعه پایدار اقتصادی', ' پایداری اقتصاد محله', ' فعالان اقتصادی', ' محله غیررسمی شمیران نو']"
393,"['اندازه بنگاه', ' روش های ناپارامتریک', ' تابع چگالی کرنل', ' صنعت تولید منسوجات']"
394,"['سیاست قیمت گذاری', ' مازاد تولید کننده', ' سیستم معادلات تقاضا', ' کلزا']"
395,"['تحقیق و توسعه', ' اقتصاد ایران', ' برنامه پنجم توسعه', ' پژوهش و فناوری']"
396,"['نهادهای خالق بازار', ' نهادهای تنظیم کننده بازار', ' نهادهای تثبیت کننده بازار و نهادهای مشروعیت بخش به بازار', ' GMM پویا']"
397,"['قیمت انرژی الکتریکی', ' یارانه', ' شاخص قیمت ها', ' پرداخت نقدی', ' مدل تعادل عمومی قابل محاسبه']"
398,"['الگوسازی انتخاب', ' آزمون انتخاب', ' لاجیت شرطی', ' آزمون هاسمن', ' گنجنامه همدان\nطبقه بندی JEL: Q ۵۱']"
399,"['ترجیحات اظهار شده', ' تمایل به پرداخت', ' روش انتخاب تجربی', ' نظریه مصرف کننده لانکستر', ' مدل لوجیت', ' مسکن', ' بافت فرسوده. \nطبقه بندی JEL: D ۱۱']"
400,"[': اقتصادسنجی فضایی', ' صادرات محصولات کشاورزی', ' کشورهای حوزه اکو', ' روش ایستا و پویا', ' داده های تابلویی. \nطبقه بندی JEL: F ۱۱']"
401,"['تابع هزینه', ' اشتغال', ' تقاضای نیروی کار ماهر و غیرماهر', ' واردات فناوری', ' تحقیق و توسعه\nطبقه بندی JEL: O ۳']"
402,"['اقتصاد اسلامی', ' غرر', ' اطلاعات نامتقارن\nطبقه بندی JEL: Z ۱۲']"
403,"['درآمد نفتی', ' سرمایه اجتماعی', ' رشد اقتصادی', ' روش ARDL', ' آزمون باند\nطبقه بندی GEL: Q ۳']"
404,"[': اختلاف تجاری', ' قاچاق', ' نرخ تعرفه', ' فرار مالیاتی', ' داده های تلفیقی\nطبقه بندی: F ۱۳']"
405,"['دستمزد حقیقی', ' کسورات تأمین اجتماعی', ' اشتغال\nطبقه بندی JEL: J ۳۸']"
406,"['عرضه مسکن', ' قیمت مسکن', ' هزینه مصالح ساختمانی', ' روش گشتاورهای تعمیم یافته\nطبقه بندی JEL: C ۳۲']"
407,"['فقر چند بعدی', ' نظریه اطلاعات', ' خط فقر تجمیع شده', ' اجزای تشکیل دهنده خط فقر', ' محرویت نسبی']"
408,"['Q توبین', ' سرمایه گذاری', ' تأمین مالی', ' اصطکاک مالی']"
409,"['بخش خدمات', ' جدول داده- ستانده استان تهران', ' پیوندهای پسین و پیشین', ' روش بردار ویژه']"
410,"['انفاق', ' تابع انفاق', ' سرمایه مذهبی']"
411,"['ایران', ' شاخص قیمت', ' حامل های انرژی', ' جدول داده – ستانده انرژی']"
412,"['بانک تجاری', ' بی ثباتی اقتصادی', ' ارزش محصول بانک', ' واسطه گری مالی']"
413,"['سیاست پولی', ': انتظارات عقلایی', ' فیلتر کالمن', ' انتظارات تورمی', ' مدل فضا – حالت', ' فرآیند یادگیری']"
414,"['ایران', ' شکست ساختاری', ': سرکوب مالی', ' رشد بخش کشاورزی', ' آزمون های همجمعی']"
415,"[': توزیع اندازه بنگاه ها', ' رشد بنگاه', ' رگرسیون داده های تلفیقی', ' شرکت های بیمه']"
416,"['ارزش افزوده', ' مخارج ارزی', ' گردشگر بین المللی', ' ماتریس حسابداری اجتماعی', ' درآمد\nطبقه بندیJEL: F ۱۴، G ۲۰، P ۲۵']"
417,"['آزمون آشوب', ' پیش بینی تورم', ' معادلات دیفرانسیل تصادفی', ' شبکه های عصبی', ' مدل های سری زمانی. \nطبقه بندی JEL: E ۳۷، E ۴۷']"
418,"['رشد اقتصادی', ' فناوری اطلاعات و ارتباطات', ' رفاه اجتماعی', ' شکاف دیجیتالی', ' داده های تابلویی. \nطبقه بندیO ۴۷: JEL']"
419,"['توسعه بخش مالی', ' کاهش فقر', ' آزمون علیت دولادو و لوتکپول\nطبقه بندی JEL: I ۳۰']"
420,"['نرخ بیکاری', ' خوداشتغالی', ' مخارج تحقیق و توسعه', ' نرخ باسوادی', ' پانل دیتا\nطبقه بندی JEL: E ۲۴، J ۲۳، Q ۱۶']"
421,"['فقر', ' خط فقر', ' کار کودک', ' توسعه انسانی\nطبقه بندی JEL: J ۰۸']"
422,"['شهر', ' تنوع', ' تخصص', ' تجمیع محلی', ' تجمیع شهری', ' توزیع فعالیت های اقتصادی\nطبقه بندی JEL: R ۱۲']"
423,"['تحلیل حساسیت', ' ارزیابی عملکرد', ' تحلیل مولفههای اصلی', ' تحلیل پوششی دادهها', ' صنایع کوچک\nطبقه بندی JEL: O ۱۲ و CO ۲']"
424,"['ریسک اعتباری', ' بار بدهی', ' تحرک سرمایه', ' شدت نقدینگی', ' مدل رتبه بندی فینک طبقه بندی JEL: G ۲۱']"
425,"[': رابطه مبادله', ' الگوی رمزی تعمیم یافته', ' نرخ رجحان زمانی', ' کالیبره کردن', ' تحلیل حساسیت', ' اقتصاد ایران. \nطبقه بندی JEL: F ۳۲']"
426,"['آلودگی هوا', ': اقتصاد سایه ای', ' مدل علل چند گانه- آثار چند گانه', ' نرم افزار لیزرل. \nطبقه بندی JEL: E ۲۶']"
427,"['مدل تعادل عمومی قابل محاسبه', ' نوسان قیمت نفت', ' رفاه خانوارها در دهک های مختلف درآمدی. \nطبقه بندی JEL: L ۷۲']"
428,"[': نرخ سود', ' عقود مبادله ای', ' بانکداری اسلامی', ' اقتصاد ایران\nطبقه بندی Jel: G ۲۱']"
429,"[': حجم سرمایه R&D داخلی', ' موجودی سرمایه خارجی', ' صنایع متوسط و بزرگ ایران', ' داده های تابلویی. \nطبقه بندی JEL: C ۲۳']"
430,"['توزیع اندازه بنگاه', ' دینامیزم صنعتی', ' صنایع تولیدی ایران. \nطبقه بندی JEL: N ۶۵']"
431,"['پیوند پسین و پیشین', ' بخش کلیدی', ' ضریب فزاینده تولید', ' ضریب همبستگی رتبه ای', ' روش حذف فرضی\nطبقه بندی JEL: C ۶۷ -N ۶ -O ۵']"
432,"['همگرایی بتا', ' کشورهای اسلامی', ' اقتصادسنجی سری زمانی', ' شکست ساختاری', ' درآمد سرانه. \nطبقه بندی JEL: C ۲۲']"
433,"['یارانه سوخت', ' تولید', ' هزینه', ' شاخص قیمت', ' مدل تعادل عمومی قابل محاسبه', ' خراسان رضوی']"
434,"['راندمان', ' توربین گاز', ' چرخه ترکیبی', ' سوخت فسیلی', ' تولید برق']"
435,"['رانت جویی', ' شهرداری اصفهان', ' تخصیص بودجه', ' فروش تراکم']"
436,"['مدل جاذبه', ' همگرایی اقتصادی', ' همزمانی چرخه های تجاری', ' گروه شانگهای']"
437,"['صنایع تولیدی ایران', ' خروج بنگاه', ' سطح تکنولوژی', ' پنل نامتوازن', ' مدل مخاطره کاکس']"
438,"['توسعه مالی', ' بازار پول', ' بازار سرمایه', ' بازارهای مالی', ': تورم', ' حد آستانه']"
439,"['رشد اقتصادی', ' خصوصی سازی', ' بازار سهام']"
440,"['صادرات', ' علیت گرنجر', ': رشد اقتصادی', ' مدل غیر خطی انتقال ملایم', ' کشور های حاشیه دریای خزر']"
441,"[': اصل ضعیف حداکثرسازی سود', ' صنعت بانکداری', ' تابع تولید', ' آزمون ناپارامتری']"
442,"['رشد اقتصادی', ' اندازه دولت', ' منحنی آرمی', ' رگرسیون آستانه', ' تابع تولید دو بخشی رتی رام\nطبقه بندی C ۲۲، E ۶۲، O ۴۰، O ۵۳: JEL']"
443,"['دولت', ' کمک های رسمی توسعه ای', ' کشورهای در حال توسعه\nطبقه بندی JEL: C ۵']"
444,"['یارانه', ' تولید ناخالص داخلی', ' پرداخت نقدی', ' مدل تعادل عمومی قابل محاسبه', ' GAMS. \nطبقه بندی JEL:. Q ۴۳']"
445,"['اقتصاد سایه', ' مدل یابی معادله ساختاری', ' مدل علل چند گانه- آثار چند گانه', ' نرم افزار آموس گرافیک', ' نرم افزار لیزرل. \nطبقه بندی JEL: E ۲۶']"
446,"['دستگاه تقاضای باکس-کاکس', ' روش رگرسیون های به ظاهر نامرتبط غیرخطی', ' داده های ادغام شده', ' تقاضای تقریبا ایده آل', ' مناطق شهری ایران\nطبقه بندی JEL: D ۱، D ۱۲، C ۰۱، C ۲۳، C ۵۱']"
447,"['تورم', ' بازده سهام', ' فرضیه فیشر', ' سپر تورمی', ' فرضیه فاما\nطبقه بندی JEL: G ۱۱']"
448,"[': توسعه پایدار', ' گردشگری پایدار', ' نقشههای سنجش پایداری', ' بارومتر گردشگری پایدار', ' جزیره کیش. \n\nطبقهبندی JEL: C ۰۲']"
449,"[': حقوق مصرف', ' کالاهای معیوب یا خطرناک', ' مسئولیت عرضه کنندگان', ' مسئولیت تولیدکنندگان. \nطبقه بندی JEL: K ۱۳']"
450,"['حداقل معاش', ' خط فقر', ' سیستم مخارج خطی', ' استان کرمانشاه', ' ISUR\nطبقه بندی D ۱۱: JEL']"
451,"['مدل تعادل عمومی پویای تصادفی', ' کالیبراسیون (مقداردهی) در الگوهای DSGE', ' چسبندگی قیمت و دستمزد']"
452,"['شاخص شرایط پولی', ' کانال اعتبارات', ' سیاست پولی', ' آزمون های غیر آشیانه ای ایران. \nطبقه بندی JEL: E ۵۲']"
453,"[': نرخ تورم', ' شکاف تولید', ' فیلترینگ هادریک-پرسکات', ' منحنی فیلیپس نیوکینزی', ' آزمون پایایی HEGY', ' آزمون پایایی پرون. \nطبقه بندیJEL:']"
454,"['واژگان کلیدی: قانون واگنر', ' دیدگاه کینز', ' بخش عمومی', ' علیت هسیائو', ' ایران\nطبقه بندی JEL: H ۱۰']"
455,"['مسکن', ' قیمت مسکن', ' نرخ سود سپرده های بانکی', ' مدل خودرگرسیونی برداری', ' ایران. \nطبقه بندی: JEL R ۳۱']"
456,"['سرمایه گذاری مستقیم خارجی', ' شاخص حکمرانی', ' شاخص آزادی اقتصادی', ' شاخص پایداری محیطی', ' منطقه منا. \nطبقه بندی JEL: F ۲۱']"
457,"['ساختار بازار', ' رقابت', ' تلاش مدیریتی', ' بهره وری', ' صنعت', ' عملکرد بنگاه. \nطبقه بندی JEL: J ۵۰']"
458,"['محیط زیست', ' انتشار CO ۲ ', ' صنایع ایران', ' تجزیه عوامل']"
459,"['مخارج تحقیقات کشاورزی', ' بهره وری', ' ریشه واحد', ' خود رگرسیونی برداری (var)']"
460,"['ایران', ' سن ازدواج زنان', ' رویکرد اقتصادی', ' رگرسیون کاکس']"
461,"['آبیاری زیر زمینی', ' برنامه ریزی ریاضی مثبت', ' سیاست آب', ' مدیریت تقاضای آب']"
462,"['ارث', ' رفتار خانوار', ' پانل داده', ' سیستان و بلوچستان']"
463,"['توزیع درآمد', ' جرم', ' سرقت', ' بیکاری', ' طلاق', ' نسبت شهرنشینی']"
464,"['پدیده بلای منابع', ' کیفیت نهادها', ' سرمایه انسانی']"
465,"['مدل¬های پویای نسل سوم', ' تقاضای نهاده', ' صنایع کارخانه¬ای ایران', ' انرژی']"
466,"['سازمان تجارت جهانی', ' کشش¬هایآرمینگتون', ' کششهایجانشینی', ' رقابتپذیری کالاها']"
467,"['سرمایه¬گذاری مسکن', ' الگوی خود توضیح با وقفه های توزیعی (ARDL) ', ' سبد دارایی']"
468,"['ریسک', ' سبد دارایی', ' بازدهی انتظاری', ' مرز کارایی', ' مدل میانگین- واریانس', ' نرم افزار MATLAB']"
469,"['شکاف دستمزد', ' تجارت بین الملل', ' تئوری هاسکل', ' نسبت قیمت']"
470,"['اقتصاد ایران', ' صادرات غیرنفتی', ' مدل انتقال اثر نرخ ارز', ' شاخص قیمت صادرات']"
471,"['همگرایی', ' شکست ساختاری', ' سری زمانی', ' آزمون ریشه واحد دادههای تابلویی', ' منطقه منا']"
472,"['ایران', ' کسری بودجه', ' تابع مصرف', ' بارو – ریکاردو']"
473,"['جدول داده- ستانده', ' اقتصاد ایران', ': صنایع استراتژیک', ' تحلیل عاملی', ' تاکسونومی عددی']"
474,"['نرخ بیکاری', ' اندازه دولت', ' مدل خودرگرسیون برداری و مخارج دولت']"
475,"['نرخ ارز', ' صادرات غیر نفتی', ' سیاست های ارزی', ' سیاست پیمان ارزی', ' سیاست تک نرخی ارز']"
476,"['چگالی جمعیت', ' فاصله اقتصادی', ' ناهمگونی مذهبی', ' پراکندگی قومیتی']"
477,"['ایران', ' سازمان تجارت جهانی', ' عرضه و تقاضای کتاب', ' کپی رایت', ' سازمان مالکیت فکری']"
478,"['بورس اوراق بهادار تهران', ' دستکاری قیمت', ' نقدشوندگی سهام', ' شفافیت اطلاعات', ' حد نوسان قیمت', ' سهام شناور آزاد', ' رگرسیون لاجیت']"
479,"['رشد اقتصادی', ' کسری بودجه', ' حق¬الضرب', ' حد آستانه¬ای']"
480,"['تولید ناخالص داخلی', ' نرخ ارز', ' پانل دیتا', ' صادرات غیرنفتی', ' نسبت قیمتها']"
481,"['مسکن', ' علیت گرنجر', ' هیسائو', ' سیمز']"
482,"['رشد اقتصادی', ' ارجحیت زمانی', ' تنزیل', ' عدالت بین زمانی', ' بهینه یابی پویا']"
483,"['نرخ قصور', ' شاخص های اقتصاد کلان', ' استرس تست']"
484,"['رشد اقتصادی', ' تورم', ' نااطمینانی تورم', ' شکست ساختاری', ' مدل واریانس ناهمسانی شرطی خود رگرسیو تعمیم یافته (GARCH)']"
485,"['ایران', ' توان تجاری', ' تجارت دو جانبه', ' روش برآورد ساده', ' گروه هشت کشور اسلامی در حال توسعه']"
486,"['مدل تصحیح خطا', ' سیاست های اقتصادی', ' صادرات کشاورزی و صنعت']"
487,"['تمایل به پرداخت', ' تهران', ' کیفیت هوا', ' هکمن دو مرحله¬ای']"
488,"['تقاضای پول', ' حق¬الضرب', ' پایه پولی', ' منحنی لافر']"
489,"['قیمت سایه ای', ' آلودگی', ' نیروگاه ها', ' تابع مسافت نهاده']"
490,"['مکتب نیو¬کینزی', ' مدل تعادل عمومی پویای تصادفی', ' اقتصاد صادر¬کننده نفت']"
491,"['ارزش در معرض ریسک', ' مدل GARCH', ' شبیه سازی مونت کارلو', ' سبد ارز']"
492,"['توزیع درآمد', ' منطق فازی', ' تابع رفاه', ' درآمد سرانه', ' شاخص رفاه']"
493,"[': تعاونی های تولید', ' مهاجرت', ' رضایت شغلی', ' مشارکت در تولید']"
494,"['اقتصاد ایران', ' اقتصاد نهادگرای جدید', ' اولیور ای ویلیامسون', ' اقتصادتوسعه', ' اقتصادهزینه مبادله', ' روش شناسی']"
495,"['پانل دیتا', ' متنوع سازی صادرات', ' زیربخش های صنعتی']"
496,"['آلودگی هوا', ' صنایع تولیدی ایران', ' داده های تابلویی', ' مصرف انرژی']"
497,"['تولید ناخالص داخلی', ' پس¬انداز خانوار', ' درآمد خانوار', ' مدل تعادل عمومی محاسبه¬پذیر']"
498,"['اقتصاد ایران', ' هزینه مبادله', ' شکست بازار', ' روش منطق فازی']"
499,"[': تسهیلات بانکی', ' اعتبارات کشاورزی', ' متغیرهای اقتصادی و اجتماعی']"
500,"['بهره وری', ' اقتصاد ایران', ' کارآفرینی', ' مرحوم عالی نسب']"
501,"['پس انداز', ' بحران طبیعی', ' خسارت', ' روش ARDL']"
502,"['مدل تصحیح خطا', ': تقاضای ذخایر ارزی', ' پانل دیتا', ' سیستم ارزی', ' مدلهای قیمت گذاری دارایی سرمایه ای', ' ترکیب ذخایر ارزی', ' کشورهای در حال توسعه']"
503,"['پیش بینی ورشکستگی', ' شبکه عصبی مصنوعی', ' رگرسیون لجستیک', ' تحلیل ممیزی']"
504,"['رشد اقتصادی', ' ایران', ' توزیع درآمد', ' درآمد نفت']"
505,"['خط بازار سرمایه', ' مرز کارای میانگین واریانس جدید', ' مرز کارای میانگین واریانس', ' مدل قیمت گذاری دارایی های سرمایه ای', ' ریسک سیستماتیک', ' ریسک غیر سیستماتیک']"
506,"['مزیت رقابتی', ': استراتژی', ' برنامه ریزی استراتژیک', ' گمرک جمهوری اسلامی ایران']"
507,"[': موجودی سرمایه', ' ماشین آلات', ' ساختمان های کشاورزی', ' روش موجودی پیوسته', ' جدول داده-ستانده\n\nطبقه بندی JEL: B ۴۱ C ۶۳']"
508,"['E ۳۱، سلامت', ' مراقبت های سلامتی', ' تورم\n\nطبقه بندی JEL: I ۱']"
509,"[': انحراف قیمت', ' عدم کارآیی تخصیصی', ' تابع هزینه سایه ای', ' بازار نهاده', ' بخش صنعت', ' کشش. \nطبقه بندی JEL: C ۳۰']"
510,"['پسماندهای جامد شهری', ' تخریب زیست محیطی', ' مدیریت پسماندهای جامد شهری', ' طرح تفکیک از مبدأ پسماندهای خشک\nطبقه بندی JEL: ', ' منحنی زیست محیطی کوزنتس']"
511,"['بازارهای منطقه ای مسکن', ' اثر موجی', ' مدل خود رگرسیون فضایی تابلویی', ' مدل تصحیح خطای برداری\nطبقه بندیJEL: R ۳۱، R ۱۲']"
512,"['رقابت پذیری', ' عملکرد', ' عملکرد بانک', ' عملکرد مالی', ' عملکرد غیرمالی\n\nطبقه بندی JEL: M ۲۱ و M ۳۱']"
513,"['کسری بودجه', ' C ۲۲، تورم', ' خودرگرسیون برداری (VAR) \nطبقه بندی JEL: E ۳۱']"
514,"[': نهاد', ' نهادگرایی', ' نظریه سرل', ' زبان', ' گفتمان', ' شناخت\n\nطبقه بندی JEL: B ۵۲']"
515,"[': بهره وری', ' تغییر تکنولوژی', ' تابع ترانسلوگ', ' صنعت', ' سیمان. \nطبقه بندی JEL: O ۳۳']"
516,"['زیرساخت های روستایی', ' فقر روستایی', ' اشتغال غیرکشاورزی. \nطبقه بندی JEL: O ۱۸ ', ' هزینه های دولت']"
517,"[': ارزش گذاری مشروط', ' تمایل به پرداخت', ' کالای تاریخی', ' مجموعه تاریخی پاسارگاد. \nطبقه بندیQ ۵۷: JEL']"
518,"[': هزینه های آموزشی', ' هزینه های بهداشتی', ' کارآیی', ' تحلیل پوششی داده ها. \nطبقه بندی JEL: I ۱۸']"
519,"['رشد اقتصادی', ' سرمایۀ انسانی', ' آموزش عالی', ' همگرایی', ' تصحیح خطای برداری. \nطبقه بندی JEL: O ۵۳']"
520,"['رشد اقتصادی', ' توسعه مالی', ': آزادسازی تجاری', ' خود رگرسیونی با وقفه های توزیعی', ' علیت گرنجر. \nطبقه بندی JEL:. G ۱۱، C ۳۲، E ۴۴، F ۴۳']"
521,"['مخارج دولت', ' رشد اقتصادی', ' خود رگرسیون برداری.']"
522,"['توسعه مالی', ' فقر و نابرابری', ' مدل های پویا و استاتیک پانل', ' گشتاورهای تعمیم یافته (GMM)']"
523,"['رشد اقتصادی', ' آزمون ریشه واحد زیوت– اندریوز', ' آزمون همجمعی گریگوری – هانسن', ' شکست ساختاری و مصرف انرژی.']"
524,"['پساصنعتی شدن', ' جدول داده – ستانده', ' بخش چهارم', ' بخشهای اطلاعات اولیه', ' الگوی داده – ستانده متعارف', ' الگوی شبه ماتریس', ' حسابداری اجتماعی', ' ضرایب فزاینده تولید', ' ضرایب فزاینده درآمد و ضرایب فزاینده اشتغال.']"
525,"['آزادسازی', ' تعرفه', ' مدل تعادل عمومی قابل محاسبه.']"
526,"['مالیات مستقیم', ' صادرات', ' اشتغال', ' مدل خودتوضیح برداری با وقفه های گسترده']"
527,"['اقتصاد نفت و گاز', ' ذخایر گازی', ' سیاست انرژی', ' تزریق گاز', ' صادرات گاز.']"
528,"['اقتصاد ورزش', ' تقاضای فوتبال', ' لیگ برتر', ' تقاضا']"
529,"[': همجمعیARDL', ' مدل تصحیح خطا', ' سرمایه گذاری مستقیم خارجی', ' تجارت.']"
530,"['رفع فقر', ' نابرابری اتکینسون', ' کشش رفاه', ' شاخص اصلاح رفاه', ' سیاست مالیاتی به نفع فقیر']"
531,"['شاخص مزیت نسبی صادرات (RXA) ', ' شاخص مزیت نسبی تجارت (RTA) ', ' شاخص پلان تجاری (TM) ', ': مزیت رقابتی', ' شاخص سهم پایدار بازار (CMS) ', ' صنایع فلزات اساسی', ' ایران.']"
532,"['کسری بخش تجارت خارجی', ' رابطه مبادله', ' نرخ ارز واقعی', ' الگوی تصحیح خطای برداری ساختاری']"
533,"['تحلیل پوششی داده ها', ' بهره وری عوامل تولید', ' بورس اوراق بهادار و شاخص تورنکوئیست']"
534,"[': فراریت', ' تقاضای پول', ' بازارسهام', ' بازار پول']"
535,"[': کارایی فنی', ' تابع مرزی تصادفی', ' تحلیل پوششی داده ها', ' کارایی مقیاس', ' گندم', ' ایران']"
536,"['اقتصاد سیاسی', ' نهادگرایی جدید', ' حکومت گرایی', ' انتخاب عمومی و انتخاب جمعی', ' چندگانه گرایی', ' رسته گرایی', ' برنامه پژوهشی', ' کمربندی محافظ', ' هسته سخت.']"
537,"['رشد اقتصادی', ' تجارت', ' توسعه بازار', ' آزادی تجاری']"
538,"['مدل تصحیح خطا', ' بازار سرمایه', ' متغیرهای کلان اقتصادی', ' مدل خود همبسته با وقفه توزیع شده', ' شاخص قیمت سهام بورس اوراق بهادار', ' تئوری قیمت گذاری آربیتراژ']"
539,"['مدل تصحیح خطا', ' رقابت پذیری', ' رقابت پذیری دانش محور', ' اقتصاد دانش محور', ' بهرهوری نیروی کار', ' - آزمون هم گرایی']"
540,"['شوکهای نفتی', ' مسکن', ' بیماری هلندی', ' عدم تقارن']"
541,"['سرمایه گذاری خصوصی', ' تولید ناخالص داخلی', ' تجزیه واریانس', ' حقوق مالکیت', ' قوانین و مقررات و امنیت اجتماعی']"
542,"['خالص رفاه مصرف کننده', ' تغییر جبرانی', ' گروه های مختلف درآمدی', ' تغییر قیمت برق', ' یارانه']"
543,"['الگوی زیست محیطی', ' آب', ' کودشیمیایی', ' سموم', ' ریسک', ' درآمد', ' استان فارس']"
544,"['شاخص قیمت سهام', ' شوک های ارزی و قیمتی', ' خودرگرسیون برداری']"
545,"['مالیه رفتاری', ' قصد سرمایه گذاری', ' نظریه انگیزش', ' نظریه مطلوبیت\nJEL: G ۱۱']"
546,"[': اثرات تقویمی', ' بازار کارآ', ' نوسان پذیری', ' همبستگی سریالی', ' مدل های GARCH']"
547,"['بخش های اطلاعات', ' بخش های اطلاعات اولیه', ' بخش های اطلاعات ثانویه', ' جدول داده- ستانده', ' ضرایب شدت اطلاعات اولیه']"
548,"[': سرمایه گذاری مستقیم خارجی', ' داده های تابلویی']"
549,"[': سیاستهای پولی', ' فقر', ' توزیع درآمد', ' تورم']"
550,"['تقاضای آب – تابع مطلوبیت استون – گری', ' آب مصرفی']"
551,"['آزادسازی تجاری', ' نابرابری دستمزدها', ' تعادل عمومی محاسبه پذیر']"
552,"['انحصار', ' اضافه بها', ' بهره وری', ' تمرکز سرمایه و آزاد سازی']"
553,"['قواعد مبادلاتی تکنیکال', ' بورس اوراق بهادار تهران']"
554,"['کسری بودجه', ' مصرف بخش خصوصی', ' سرمایه گذاری بخش خصوصی', ' اثر اولیه و اثر ثانویه']"
555,"['تورم', ' منحنی فیلیپس', ' رشد نقدینگی', ' پول پایه', ' تورم انتظاری', ' اقتصاد ایران']"
556,"['صادرات', ' ایران', ' نوسان پذیری نرخ ارز']"
557,"['توزیع درآمد', ' اقتصاد ایران', ' نرخ مالیات بهینه', ' مالیات بر حقوق', ' مدل های EGR']"
558,"['تعطیلی بنگاه', ' گروه صنعت', ' اندازه بنگاه', ' سن بنگاه', ' سرمایه اولیه']"
559,"['موافقت نامه تجاری سازمان همکاری اقتصادی', ' ایجاد تجارت', ' انحراف تجارت', ' توسعه تجارت ایران']"
560,"['دامداری', ' کارایی', ' تحلیل پوششی داده های بازه ای', ' واحد تصمیم گیرنده']"
561,"['تحلیل پوششی داده ها', ' کارآیی فنی', ' کارآیی مقیاس', ' هتل']"
562,"['رشد اقتصادی', ' صادرات', ' نئوکلاسیک', ' مخارج دفاعی', ' سرمایه گذاری', ' نیروی کار', ' دولت', ' مصرف', ' اثرات غیر مستقیم']"
563,"['متغیرهای کلان اقتصادی', ' نرخ ارز', ' الگوی خود رگرسیونی ساختاری']"
564,"['رشد اقتصادی', ' فناوری اطلاعات و ارتباطات (ICT) ', ' کشورهای عضواوپک']"
565,"['مدلهای خودرگرسیون میانگین متحرک انباشته (ARIMA) ', ' شبکه های عصبی مصنوعی (ANNs) ', ' مدل های ترکیبی', ' بازارهای مالی', ' پیش بینی نرخ ارز']"
566,['آموزشهای فنی و حرفه ای / تحلیل هزینه و فایده / نرخ بازده داخلی / نرخ بازده آموزش']
567,"['اصل تعمیم یافته ترجیحات آشکار شده', ' تابع مطلوبیت نئوکلاسیک', ' تئوری افریت', ' شاخص تعمیم یافته افریت']"
568,"['چانه زنی', ' قیمت گذاری', ' رقابت', ' هم انباشتگی']"
569,['سرمایه گذاری بخش خصوصی / هزینه های مصرفی بخش دولتی / هزینه های سرمایه ای بخش دولتی / هم انباشتگی']
570,"[': خوداشتغالی', ' نرخ بیکاری', ' بازار کار']"
571,"['پس انداز ملی', ' ساختار سنی جمعیت', ' فرضیه دوران زندگی', ' همجمعی']"
572,"['خنثایی پول', ' رابرت لوکاس', ' منحنی فیلیپس', ' انتظارات']"
573,"['مالیات', ' سیاست مالیاتی', ' منطق فازی', ' متغیر زبانی', ' روش دلفی فازی']"
574,"['منابع مالی نظام سلامت', ' کل مخارج سلامت', ' مخارج عمومی دولت', ' بخش خصوصی']"
575,"['زمان بندی معاملات سهام', ' شبکه های عصبی مصنوعی', ' تحلیل تکنیکی', ' شاخصهای تکنیکی', ' روش خرید و نگهداری']"
576,"['ایران', ' تجارت بین المللی', ' اکو', ' مدل جاذبه']"
577,['نفت خام. نفت خام صادراتی. قیمت گذاری. سیاستهای بازاریابی نفت خام']
578,"['سیاستهای پولی و مالی', ' ارزش افزوده', ' مدل VAR', ' متغیرهای عمده', ' بخش کشاورزی']"
579,"['مدل میانگین واریانس مارکوویتز', ' مرز کارا', ' برنامه ریزی کوآدراتیک', ' محدودیت های عدد صحیح', ' الگوریتم ژنتیک']"
580,"[': امتیازدهی اعتباری', ' ریسک اعتباری', ' مدیریت ریسک', ' مهندسی مالی و نمونه گیری بازگردان']"
581,"['تقاضا', ' مطلوبیت', ' شناخت', ' منفعت فردی', ' مصرف اجتماعی']"
582,"['توسعه مالی', ' اقتصاد ایران', ' نرخ بهره', ' آزادسازی مالی']"
583,"['رشد اقتصادی', ' محیط زیست', ' آلودگی هوا', ' منحنی زیست محیطی کوزنتس']"
584,"['رشد اقتصادی', ' بازار پول', ' بازار سرمایه', ' بازار مالی', ' داده های تلفیقیPanel Data']"
585,"['اقتصاد سایه ای', ' رویکرد پویا', ' معادله ساختاری', ' شاخصهای چندگانه']"
586,"['رقابت پذیری', ' رقابت پذیری بنگاه', ' رویکرد سازه ای', ' رویکرد رفتاری', ' مولفه های تشکیل دهنده و تاثیرگذار', ' مولفه های راهبردی وعملیاتی']"
587,"['صنایع تبدیلی کشاورزی', ' توسعه روستایی']"
588,"['بهره وری کل عوامل', ' تحلیل پوششی داده های معکوس', ' تغییرات کارایی', ' تغییرات تکنولوژی']"
589,"['بهره وری', ' حمل و نقل زمینی', ' سوخت', ' الگوی خود رگرسیونی برداری']"
590,"['پزشک عمومی', ' کشش', ' تابع تقاضا', ' پیش بینی', ' برنامه ریزی نیروی انسانی']"
