Cluster 0,Cluster 1,Cluster 2,Cluster 3,Cluster 4,Cluster 5
"تأثیر کووید-19 بر آسیب‌پذیری اقتصادی کشورها با سطوح درآمدی مختلف: رویکرد رگرسیون انتقال ملایم پانلی
همه‌گیری, کووید-19, آسیب‌پذیری اقتصادی, مدل انتقال ملایم پانلی, سطوح درآمدی","تحلیل عوامل رفتاری و غیررفتاری مؤثر بر قیمت مسکن و تورم در ایران
اقتصاد رفتاری, اقتصاد مسکن, قیمت مسکن, تورم","بررسی تأثیر لایه‌های نظام تأمین اجتماعی بر عدالت اقتصادی-اسلامی با تأکید بر تکافل
اقتصاد ایران, تأمین اجتماعی, تکافل, روش گشتاورهای تعمیم‌یافته, نابرابری اقتصادی","بررسی تأثیر بلایای طبیعی بر امنیت انرژی در ایران
امنیت انرژی, بلایای طبیعی, حداقل مربعات کاملاً اصلاح شده","تخمین سهم عوامل موثر بر سوءتخصیص سرمایه: شواهدی از کارگاه‌های صنعتی در اقتصاد ایران
اقتصاد ایران, سوءتخصیص, سرمایه‌ی فیزیکی, کارگاه‌های صنعتی","بررسی تأثیر اشتغال در بخش خدمات بر نابرابری درآمدی در استان‌های ایران
نابرابری درآمدی, ضریب جینی, اشتغال در بخش خدمات, توزیع ناعادلانه, استان‌های ایران"
"همبستگی اقتصاد، انرژی و محیط زیست(3E) در کشورهای منتخب آسیایی: کاربردی از الگوی معادلات همزمان فضایی پانل
رشد اقتصادی, انتشار دی اکسید کربن, مصرف انرژی, معادلات همزمان, الگوی فضایی","کاربرد رهیافت مارکوف- سوئیچینگ در بررسی فرضیه‌های رشد واردات – تولید و رشد صادرات – تولید در ایران
رشد واردات – تولید, رشد صادرات - تولید, علیت غیرخطی, رویکرد غیرخطی MS-VAR","تاثیر فناوری اطلاعات و ارتباطات بر ردپای اکولوژیکی در کشورهای صادرکننده نفت
فناوری اطلاعات و ارتباطات (ICT), ردپای اکولوژیکی سرانه, تولید ناخالص داخلی سرانه, شاخص پیچیدگی اقتصادی, روش گشتاورهای تعمیم یافته","طراحی یک الگوی هشدار بحران ارزی برای اقتصاد ایران رویکرد پروبیت
بحران ارزی, سیستم هشدار زودهنگام, الگوی پروبیت","بررسی نحوه اثرگذاری اجزای منابع نقدینگی در اقتصاد ایران: رهیافت DSGE
الگوی تعادل عمومی پویای تصادفی, سیاست‌های پولی, مکانیسم انتقال پولی, منابع نقدینگی","حساسیت اضافی و توسعه مالی: مطالعه موردی خانوارها در ایران
حساسیت اضافی مصرف, شمول مالی, محدودیت نقدینگی, هموارسازی مصرف"
"ریسک تغییرات اقلیمی، عملکرد تغییر اقلیم و ارزش‌افزوده بخش کشاورزی
ارزش‌افزوده بخش کشاورزی, ریسک تغییرات اقلیم, شاخص عملکرد تغییر اقلیم, روش رگرسیون چندکی","بررسی اثرات انتشار ارز دیجیتال ملی بر سیاست‌های پولی ایران با استفاده از روش پویایی سیستم
ارز دیجیتال ملی, پویایی سیستم, سیاست‌های پولی","ارائۀ مدل سیستمی یکپارچه توسعۀ پایدار منطقۀ‌ خراسان رضوی
توسعۀ پایدار, پویایی‌شناسی سیستم‌ها","رانت منابع طبیعی و توسعه مالی: آزمون فرضیه نفرین منابع مالی در ایران
الگوهای خودتوزیع با وقفه های گسترده خطی(ARDL) و غیر خطی(NARDL), نفرین منابع مالی, توسعه مالی, رانت منابع","بررسی رابطه بیکاری با جرم و جنایت در شهرستان‌های ایران: رهیافت اقتصادسنجی فضایی
اقتصاد شهری, جرم و جنایت, بیکاری, اقتصادسنجی فضایی, ایران","مطالعه تطبیقی روش‌های مختلف تعیین توان اشتغال‌زایی بخش‌های اقتصادی: مطالعه موردی اقتصاد ایران
جدول داده-ستانده (IO), توان اشتغال زایی, روش سنتی, روش حذف فرضی ملر و مارفان, روش اصلاح‌شده حذف فرضی ملر و مارفان"
"تحلیل مقایسه‌ای تاثیر توسعه بازار صکوک بر سودآوری بانک-ها در بانک‌های اسلامی و متعارف
کلیدواژه‌ها: بازار مالی, بحران مالی, نظام بانکی","برآورد عرضه و تقاضای نیروی کار تا سال 1430 در ایران
پیش بینی, عرضه نیروی کار, تقاضای نیروی کار, نرخ مشارکت, جمعیت","شواهد جدیدی از تأثیر جهانی‌شدن بر فساد: کاربردی از مدل انتقال ملایم آستانه‌ای پانلی
: جهانی‌شدن, فساد, مدل انتقال ملایم آستانه‌ای پانلی, کشورهای عضو سازمان کنفرانس اسلامی","بررسی رابطه سرمایه‌گذاری مستقیم خارجی و جرایم خشن: شواهدی از استان‌های ایران
سرمایه‌گذاری مستقیم خارجی, پنل دیتا, جرم","ارتباط بین سرمایه انسانی، رشد اقتصادی و کیفیت زیست‌محیطی با تأکید بر مخارج آموزش عمومی: کاربردی از الگوهای DSGE
آلودگی هوا, الگوی رشد درون‌زا, رویکرد بیزین, کارایی انرژی","نقش صندوق های سرمایه گذاری در رشد اقتصادی ایران
صندوق سرمایه گذاری, بازار سرمایه, رشد اقتصادی, بازار اولیه, مدل گشتاور های تعمیم یافته (GMM)"
"نقش سوگیری‌های شناختی در سیاست‌گذاری تغییر اقلیم با استفاده از نظریه‌های اقتصاد رفتاری
تغییرات اقلیمی, اقتصاد رفتاری, سوگیری شناختی, تلنگر, سوگیری تنزیل هذلولی, سوگیری زیان‌گریزی, اثر قالب‌بندی","تحلیل اثر شاخص کارآفرینی بر اشتغال در استان‌های ایران: رهیافت اقتصادسنجی فضایی
کارآفرینی, اشتغال, اثرات فضایی, استان‌های ایران","مطالعۀ تطبیقی مداخلات ارزی در ایران، مکزیک و ترکیه
تابع واکنش بانک مرکزی, سیاست ارزی ایران, سیاست ارزی ترکیه, سیاست ارزی مکزیک","واکاوی اثرات نامتقارن ریسک سیاسی، نرخ ارز و نرخ تورم  بر توسعه صنعت گردشگری در ایران
صنعت گردشگری, ریسک سیاسی, نرح ارز, نرخ تورم, QARDL, NARDL","بررسی اثر معافیت‌های مالیاتی بر روی مخارج تحقیق و توسعه در ایران
ارزیابی سیاست, مشوقهای مالیاتی, تحقیق و توسعه, مدلهای رگرسیون کسری, سیاست مالی","بررسی تأثیر اعمال مالیات بر خدمات مالی بر رشد اقتصادی در ایران
خدمات مالی, رشد اقتصادی, رفاه اجتماعی, مالیات, مدل تعادل عمومی قابل محاسبه"
"اثر تحریم‌های اقتصادی بر عرضه و تقاضای مسکن از کانال نرخ ارز
تحریم‌های اقتصادی, عرضه مسکن, تقاضای مسکن, نرخ ارز, ایران","تأثیر تجارت خارجی بر تغییرات بهره‌وری نیروی کار در ایران: یک تحلیل داده-ستانده
بهره‌وری نیروی کار, تحلیل داده-ستانده, تحلیل تجزیه ساختاری, تجارت خارجی","تبیین رابطه غیرخطی بین خلق پول و حاکمیت قانون با رویکرد آستانه‌ای (PSTR)
خلق پول, حاکمیت قانون, کیفیت مقررات, مدل رویکرد آستانه‌ای پانل","بررسی تأثیر پیچیدگی اقتصادی و ردپای اکولوژیکی بر رشد اقتصادی کشورهای اوپک
پیچیدگی اقتصادی, ردپای اکولوژیکی, رشد اقتصادی, کشورهای اوپک, روش گشتاورهای تعمیم‌یافته","محدودیت‌های نهادی و تأثیر آن در صادرات کالاهای زیست‌محیطی کشورهای در حال توسعه
صادرات, مقررات زیست‌محیطی, حاکمیت قانون, کیفیت مقررات, کشورهای در حال توسعه, کالاهای مدیریت کننده آلودگی","ارزیابی تغییرات ساختاری و نابرابری های منطقه ای در استان های ایران
تغییرات سا ختاری, نابرابری, هکشر- اوهلین, مزیت نسبی"
"تحلیل وابستگی ساختاری بین بازارهای رمزارز و بورس اوراق بهادار تهران: رویکرد ترکیبی تجزیه مود متغیر و کاپولا (VMD- Copula)
بازار رمزارزها, تجزیه مود متغیر, توابع کاپولا, شاخص سهام, وابستگی ساختاری","بررسی اثر شاخص پیچیدگی اقتصادی بر سطح تولید ناخالص داخلی ایران
شاخص پیچیدگی اقتصادی, تولید ناخالص داخلی, تئوری O-ring, روش خودرگرسیون برداری بیزین (BVAR)","اقتصاد سیاسی تغییرات لایحۀ بودجه (اعتبارات تملک دارایی‌های سرمایه‌ای) در مجلس شورای اسلامی
: بودجه, بودجه‌ریزی, بودجه تملک دارایی‌های سرمایه‌ای, بشکه گوشت خوک","برآورد سهم کانال نرخ ارز در اثرگذاری حجم تجارت خارجی بر رشد اقتصادی و تورم در ایران
تجارت خارجی, نرخ ارز, رشد اقتصادی, تورم","هدفمندسازی در شرایط اطلاعات ناقص و محدودیت بودجه: مطالعه موردی خانوارهای روستایی ایران
هدفمندسازی یارانه‌ها, خانوارهای روستایی, اطلاعات ناقص و محدودیت بودجه, روش بهینه‌سازی عددی","تأثیرات اقتصادی تحریم های مالی بر اقتصاد ایران
تحریم  های مالی, مدل ور بیزی (خود رگرسیون برداری بیزی), تابع پیشین جستجوی تصادفی انتخاب متغیر در مدل  های خود رگرسیون برداری, متغیرهای کلان اقتصادی"
"تحلیل اثر مورفولوژی شهری بر تقاضای حمل‌ونقل شهری با تأکید بر شکل شبکه معابر شهری(مطالعه موردی شهر اصفهان)
حالت‌های سفر, شبکه معابر, شهر اصفهان, مورفولوژی شهری","تحلیل عوامل مؤثر بر رشد اقتصادی ایران با تأکید بر توان خانوار در مواجهه با ریسک (رویکرد رگرسیون انتقال ملایم)
رشد اقتصادی, توان خانوار در مواجهه با ریسک, کمک‌های رسمی توسعه‌ای, باز بودن تجاری, تحلیل مؤلفه‌های اصلی, رگرسیون انتقال ملایم","کلید حل معمای فسادمالی: جنسیت، دولت، ادیان و تأثیر آنها بر هم
فسادمالی, پولشویی, جنسیت, ادیان, دولت","تأمین ‌مالی زیرساخت‌های شهری در کلان‌شهرهای ایران با تأکید بر اندازۀ شهر: مطالعۀ موردی کلان‌شهر اصفهان
مالیات محلی, عوارض شهروندی, اندازۀ بهینۀ شهر, کلان‌شهرهای ایران","برآورد شاخص آسیب‌پذیری برده‌داری نوین در کشور ایران به تفکیک مناطق شهری و روستایی به روش فازی
برده‌داری, آسیب‌پذیری, کار اجباری, ازدواج اجباری, منطق فازی","بررسی تأثیر توسعه مالی و ثبات مالی بر رشد اقتصادی ایران با استفاده از رهیافت گشتاورهای تعمیم یافته
توسعه مالی, بی ثباتی مالی, رشد اقتصادی, گشتاورتعمیم یافته, سری زمانی"
"پیدایش مناطق اقتصادی بین‌المللی در راستای انسجام اقتصاد جهانی
تجارت بین‌المللی, مناطق اقتصادی, نظریه وابستگی به منابع, نظریه شبکه پیچیده","تحلیل و بررسی تأثیر خصوصی‌سازی بر آلودگی محیط ‌زیست در ایران: کاربرد روش TVP-VAR
خصوصی‌سازی, آلودگی محیط‌زیست, روش خود رگرسیون برداری با پارامترهای قابل تغییر طی زمان, ایران","اثر شاخص تمرکز بر سودآوری سیستم بانکی کشورهای عضو سازمان همکاری اسلامی
سیستم بانکی, سودآوری بانک, مدیریت ریسک, شاخص تمرکز","مدل‌سازی اقتصادی شبکه تبادل برق ایران و همسایگان غربی با استفاده از رویکرد بهینه‌یابی
مدل‌سازی اقتصادی, بازار برق, شبکه تبادل برق, یکپارچگی منطقه‌ای, ایران و همسایگان غربی","عوامل تأثیرگذار بر سرعت همگرایی شاخص فلاکت در استان‌های ایران طی دوره 1399-1385
همگرایی, شاخص فلاکت, اقتصادسنجی فضایی, بی انضباطی پولی","تمرکززدایی مالی تعادل عمودی و توسعه منطقه ای در ایران (مطالعه موردی: استان های ایران)
توسعه منطقه ای, شاخص CIRD, تمرکززدایی مالی, روش تحلیل مؤلفه  اصلی دو مرحله ای (PCA) و روش حداقل مربعات دو مرحله ای با جزء خطا (EC2SLS)"
"تأثیر آستانه‌ای عوامل مؤثر بر نسبت چشم‌پوشی با تأکید بر بدهی دولت
نسبت چشم‌پوشی, بدهی دولت, هدف‌گذاری تورم, شفافیت سیاست‌های پولی, مدل رگرسیون انتقال ملایم","بررسی تأثیر سرمایه‌گذاری مستقیم خارجی و نرخ ارز بر گردشگری در ایران: شواهدی از رویکرد  NARDL
گردشگری, سرمایه‌گذاری مستقیم خارجی, نرخ ارز, روش خودرگرسیونی با وقفه‌های توزیعی غیرخطی","شاخص ترکیبی جامع آسیب پذیری و تاب آوری در گروه کشورهای منتخب (G7  و MENA)  با رویکرد نظریه گراف
آسیب‌پذیری و تاب‌آوری اقتصادی, توسعه پایدار, نظریه گراف, الگوریتم تارجان, شاخص ترکیبی","بررسی تأثیر پیچیدگی اقتصادی و مصرف انرژی تجدیدپذیر برآلودگی های زیست محیطی در کشورهای در حال توسعه
پیچیدگی اقتصادی, مصرف انرژی تجدیدپذیر, انتشار دی اکسید کربن, آلودگی زیست محیطی, کشورهای در حال توسعه","الگوی داده-ستانده نیمه بسته با مصرف نیمه درونزا: مطالعه موردی برای ایران
مدل داده-ستانده نیمه بسته درونزا, مصرف خانوار, فیلتر کالمن","مخارج دولت و رشد منطقه ای در ایران  (رهیافت اقتصاد سنجی فضایی)
مخارج دولت, اقتصاد سنجی فضایی, همگرایی رشد, سرمایه انسانی"
"نگاه پویایی‌شناسانه به عوامل موجد فقر در جمهوری اسلامی ایران
جمهوری اسلامی ایران, فقر, مکانیسم تعامل","طراحی الگوی تعادل عمومی پویای تصادفی اقتصاد باز جهت بررسی تأثیر سیاست های پولی بر متغیرهای کلان اقتصاد ایران
الگوی تعادل عمومی پویای تصادفی, اقتصاد باز, سیاست های پولی, متغیرهای کلان اقتصاد ایران","ارزیابی آثار تغییرات اقلیم بر گسترش ناامنی غذایی با تأکید بر نقش مدیریت منابع آب در دشت همدان- بهار
بارش, تولید, آب زیرزمینی, الگوهای پویا, ناامنی غذایی","تأثیر شوک‌های قیمت نفت بر مؤلفه‌های بازار کار
شوک‌های قیمت نفت, نرخ یافتن شغل, نرخ ورود به بیکاری","بررسی اثر شاخص‌های توسعه بخش بانکی بر ثبات بانک‌های ایرانی، با تأکید بر عامل کارآیی
تاب‌آوری بانکی, ثبات بانکی, سودآوری بانکی, کارآیی بانکی","سرمایه انسانی و پیچیدگی اقتصاد در ایران
سرمایه انسانی, دانش, پیچیدگی اقتصادی, اقتصاد ایران"
"تحلیل رابطه پیشرفت اجتماعی و رشد اقتصادی مبتنی بر الگوی معادلات همزمان داده‌های تابلویی
شاخص پیشرفت اجتماعی, تولید ناخالص داخلی سرانه, درون‌زایی, سیستم معادلات همزمان, روش حداقل مربعات سه مرحله‌ای (3SLS)","ارزیابی اثر گسترش دولت الکترونیک بر بهره‌وری نیروی‌کار (مطالعه موردی: کشورهای در حال توسعه)
توسعه دولت الکترونیک, بهره‌وری نیروی‌ کار, کشورهای در حال توسعه, خودرگرسیون برداری با داده‌های پنلی","بهینه سازی شبکه زنجیره تأمین سبز چندسطحی-چندمحصولی فرآوری آبزیان
شبکه, بهینه سازی, زنجیره تأمین سبز, فرآوری آبزیان","نقش متنوع سازی شرکای تجاری در میزان اثربخشی نوسانات اقتصادی بین المللی در اقتصاد ایران
تنوع شرکای تجاری, خودرگرسیون برداری ساختاری (SVAR), اقتصاد ایران, نظریه لوکوموتیو","اندازه‌گیری میزان رقابت‌پذیری در صنعت برق ایران، رویکرد ساختاری و غیرساختاری با هدف دستیابی به رشد اقتصادی پایدار
رقابت, قدرت بازار, بازار برق, رشد اقتصادی پایدار","بررسی نقش سرمایه‌گذاری مستقیم خارجی بر رشد اقتصادی کشور در بخش های مختلف اقتصادی
سرمایه گذاری مستقیم خارجی, رشد اقتصادی, اشتغال, مدل غیرخطی"
"جایگاه سیاست مالی به‌عنوان مکانیسم انتشار پویایی‌های قیمت نفت در اقتصاد ایران: شواهدی از آنالیز موجک چندگانه و جزئی
پویایی‌های قیمت نفت, سیاست مالی, متغیرهای کلان اقتصادی, همدوسی موجک جزئی","تحلیل فضایی اثر آزادسازی تجاری بر نرخ بیکاری در استان های ایران
آزادسازی تجاری, نرخ بیکاری, رقابت استانی, اقتصادسنجی فضایی","اثر تحریم‌ و وضعیت درآمدهای نفتی بر درجه عبور نرخ ارز
تحریم, درآمد نفتی, درجه عبور نرخ ارز, تورم, نرخ ارز","مدل‌سازی تأثیر سیاست پولی با الگوهای مختلف نرخ بازپرداخت تسهیلات بر متغیرهای کلان اقتصادی با استفاده از رویکرد عامل بنیان
سیاست پولی, توزیع درآمد و ثروت, مدل‌سازی عامل بنیان","ارزیابی کیفیت، برابری و فراگیری آموزش بر توسعه پایدار در استان‌های ایران
آموزش, توسعه پایدار, آرلانو- باور/ بوندل – باند دومرحله‌ای, SGMM-DPD فضایی دوربین","بررسی اثر انواع  سرمایه خارجی بر رشد اقتصادی ایران
رشد اقتصادی ایران, سرمایه‌گذاری مستقیم خارجی, درآمد‌های انتقالی, کمک رسمی توسعه‌ای"
"پویایی‌های روابط مصرف برق، اثر محیطی و رشد اقتصادی با رویکرد ضرایب پارامتر طی زمان
TVP-VAR, نوسانات تصادفی, تولیدناخالص داخلی واقعی غیرنفتی, ردپای بوم‌شناختی","بررسی افزایش نرخ ارز و تأثیر آن بر برخی متغیرهای کلان اقتصادی ایران در شرایط تحریم
مدل کلان‌سنجی داده‌های ترکیبی با تواتر متفاوت, اقتصاد ایران, تحریم, سیاست ارزی","آسیب شناسی ناترازی مالی نظام بازنشستگی ایران با لحاظ بیماری‎های نوپدید و پدیده سالمندی جمعیت
نظام بازنشستگی, مدل DSGE, بیماری‌های نوپدید, سالمندی جمعیت, توابع واکنش آنی","تحلیل رابطه بین رشد اقتصادی، مصرف انرژی و ردپای اکولوژیکی در منتخبی از کشورهای توسعه‌یافته و درحال‌توسعه
ردپای اکولوژیکی, رشد اقتصادی, انرژی‌های تجدیدپذیر, انرژی‌های تجدیدناپذیر","بررسی تأثیر آسیب پذیری ساختاری اقتصادی بر جذب سرمایه گذاری مستقیم خارجی در کشورهای منطقه منا
آسیب پذیری ساختاری اقتصادی, سرمایه گذاری مستقیم خارجی, ایران, کشورهای منطقه منا, گشتاورهای تعمیم یافته","نقش اندازه بنگاه در اثرگذاری توسعه مالی بر توسعه صنعتی در ایران
توسعه مالی
رشد صنعتی
اندازه بنگاه
روش GMM"
"تأثیر غیرمستقیم گردشگری بر آسیب‌پذیری اقتصادی در منتخبی از کشورهای درحال توسعه: رویکرد غیرخطی PSTR
گردشگری, آسیب‌پذیری اقتصادی, کشورهای درحال توسعه, PSTR","عوامل مؤثر بر جانشینی پول در ایران؛ با تأکید بر نااطمینانی تورمی
تقاضای پول, جانشینی پول, نااطمینانی تورم, ARDL","پویایی‌های رابطۀ علّی بین مؤلفه‌های سیاست مالی: شواهدی نوین از رویکرد موجک
سیاست مالی, درآمدها و مخارج دولت, علیت تودا-یاماموتو, همبستگی موجک, اختلاف‌فاز","تأثیر نامتقارن نااطمینانی سیاست اقتصادی و قیمت نفت بر انتشار دی اکسید کربن در ایران
انتشار دی‌اکسید‌کربن, نااطمینانی سیاست اقتصادی, قیمت نفت, روش خودرگرسیونی با وقفه‌های توزیعی غیرخطی","شناسایی فرصت‎های اقتصادی رشد سبز در ایران: یک تحلیل داده- ستانده انرژی چند عاملی
رشد سبز, مصرف انرژی اولیه‌, انتشار دی‌اکسیدکربن, تحلیل داده - ستانده انرژی","بررسی اثرات متغیر زمانی توسعه مالی بر رشد اقتصادی: مدل TVP-FAVAR
توسعه مالی, رشد اقتصادی, مدل‌های پویای ساختاری با پارامترهای متغیر"
"ارزیابی سرریز تلاطم ناشی از اپیدمی کووید 19 بر بازده سهام ایران و چند کشور منتخب
: اپیدمی کووید 19, شاخص بازده سهام, بازارهای مالی, همبستگی شرطی ثابت, همبستگی شرطی پویا","بررسی ‌‌بی‌ثباتی مالی در مدل پویا: مطالعه موردی کشورهای خاورمیانه
توسعه مالی, ‌‌بی‌ثباتی مالی, رشد اقتصادی, گشتاور تعمیم یافته سیستمی, خاورمیانه","آینده پژوهی جایگاه مدیریت شهری در توسعه کسب و کارهای کوچک شهری؛ نمونه مورد مطالعه: کسب وکارهای کوچک تولیدی و خدمات فنی شهر تهران
آینده پژوهی, کسب‌و کارهای کوچک, فضای کسب و کار, PESTEL, تایدا","تأثیرپذیری ثبات مالی صنعت بیمه ایران از متغیرهای کلان اقتصادی
صنعت بیمه, ثبات مالی, متغیرهای کلان اقتصادی, مارکوف سوئیچینگ","بررسی نقش شاخص تجارت درون صنعتی در تعامل نرخ ارز و تراز تجاری با استفاده از مدل رگرسیون گذار ملایم
نرخ ارز حقیقی, تراز تجاری, مدل رگرسیون گذار ملایم, شاخص تجارت دورن صنعتی","بررسی اثر سرمایه اجتماعی بر ثبات بانکی ایران
ثبات بانکی
 سرمایه اجتماعی
SYS-GMM"
"بررسی اثرات مخارج سلامت عمومی بر متغیرهای کلان اقتصاد در شرایط شیوع یک بیماری همه‌گیر: کاربردی از الگوی کینزی جدید
بیماری همه‌گیر, ریسک فاجعه سلامت, مخارج سلامت عمومی, تعادل عمومی تصادفی پویا, کینزی جدید.","ارزیابی شاخص رفاه پایدار (SWI) برای ایران و بررسی اثرات آستانه‌ای عوامل مؤثر بر آن با استفاده از الگوی رگرسیون انتقال ملایم
رفاه, پایداری, شاخص رفاه پایدار, اثر آستانه‌ای, رگرسیون انتقال ملایم","سنجش روابط بین بخشی آب و انرژی در دو منطقه اصفهان و یزد بر اساس رویکرد داده - ستانده دو منطقه‌ای
آب - انرژی, رابطه پیوندی, مدیریت یکپارچه منابع, مدل داده - ستانده دو منطقه‌ای","تأثیر سیاست ارز ترجیحی بر مصرف مواد غذایی در مناطق شهری ایران
سیاست ارزترجیحی, مناطق شهری, مصرف مواد غذایی, مدل ARDL-PANEL","تحلیل منافع عضویت ایران در سازمان همکاری شانگهای: رویکرد تعادل عمومی قابل محاسبه
آزاد سازی تجاری, سازمان همکاری شانگهای, تعادل عمومی قابل محاسبه (CGE), پروژه تحلیل تجارت جهانی (GTAP)","بررسی اثر توسعه مالی بر نابرابری درآمد در ایران: رهیافت خودرگرسیون برداری ساختاری
توسعۀ‌مالی, نابرابری توزیع درآمد, عمق‌مالی, کارآیی مالی, خودرگرسیون برداری ساختاری"
"ظرفیت سنجی تشکیل سرمایه بخشی در استان اصفهان براساس مدل داده ستانده پویای بین منطقه‌ای
مدل داده ستانده, سرمایه, اقتصاد منطقه ای, روش چارم","نقش بخش بانکی در پویایی‌های بخش اقتصاد کلان ایران در قالب یک مدل تعادل عمومی تصادفی پویا
تسهیلات سرمایه‌ای, تسهیلات سرمایه در گردش, تکانه پولی, تکانه مالی, الگوی تعادل عمومی تصادفی پویا","بررسی اثر زمانی و شدت تحریم‌های سازمان ملل و ایالات‌متحده بر شاخص فلاکت کشورهای هدف
تحریم‌های اقتصادی, سازمان‌ملل, ایالات‌متحده, شاخص فلاکت","اندازه گیری سرمایه دانش بنیان در صنایع کارخانه ای ایران
سرمایه دانش‌بنیان- صنایع کارخانه‌‌ای – تحلیل عاملی اکتشافی","بررسی اثرات غیرخطی نابرابری توزیع درآمد بر فرار مغزها در کشورهای درحال توسعه
فرار مغزها, نابرابری توزیع درآمد, کشورهای در حال توسعه, مدل پانل آستانه ای","خنثایی پول در بخش خدمات اقتصاد ایران
بخش خدمات, تولید ناخالص ملی ایران, رویکرد فیشر و سیتر, خنثایی و ابر خنثایی بلندمدت پول"
"بررسی اثرات زیست محیطی استخراج بیت‌کوین با استفاده از روش پویایی سیستم
ارز دیجیتال, انرژی, بیت‌کوین, پویایی سیستم, محیط‌زیست","تأثیر سرمایه گذاری در مسکن بر رشد اقتصادی ایران؛ کاربردی از رهیافت  GMM سری زمانی
رشد اقتصادی, سرمایه گذاری در مسکن, GMMسری زمانی, ایران","مطالعه هزینه‌های تحمل‌ناپذیر سلامت و میزان زایش فقر خانوارها در چارچوب نظریه چرخه زندگی با رویکرد شبه پنل
طرح تحول سلامت, هزینه‌های تحمل ناپذیر, زایش فقر, شبه‌پنل, چرخه زندگی","واکنش سیاست های پولی و مالی به شکاف تولید در ایران با رویکرد قاعده تیلور: روش کوانتایل
قاعده تیلور, واکنش بانک مرکزی, واکنش دولت, رگرسیون کوانتایل, شکاف تولید","بررسی پویایی غیرخطی و تغییرات ناگهانی در پارامتر‌های تابع تقاضای پول در ایران
حجم پول, ثبات تابع تقاضای پول, مارکوف سوئیچینگ, شاخص دیویزیا","بررسی تأثیر نرخ ارز مؤثر واقعی و نااطمینانی های آن بر ارزش افزوده بخش صنعت اقتصاد ایران
نااطمینانی های نرخ ارز مؤثر واقعی, ارزش افزوده زیر بخشهای صنعت, مدل های گارچ, هدریک وپرسکات, داده های تابلویی, کدهای دورقمی  ISIC-REV4"
"رابطه بین گذار به سالخوردگی جمعیت و آلودگی هوا در ایران؛ کاربردی از روش گشتاورهای تعمیم‌یافته سری زمانی
سالخوردگی جمعیت, آلودگی هوا, روش گشتاورهای تعمیم‌یافته در سری های زمانی","مطالعه تأثیر فناوری اطلاعات و ارتباطات و توزیع درآمد بر ناآرامی اجتماعی در ایران
: ناآرامی اجتماعی, فناوری اطلاعات و ارتباطات, توزیع درآمد, نرخ تورم, تولید ناخالص داخلی سرانه","بررسی اثرگذاری متغیرهای اقتصادی بر اتخاذ کمک‌های انسان‌دوستانه زمانی افراد
: رفتار اخلاقی, تئوری انتخاب عقلانی, مدل رفتاری جدید, شواهد تجربی, کمک‌های انسان‌دوستانه زمانی","تأثیر آستانه ای تمرکززدایی ‌مالی ‌ترکیبی بر رشد اقتصادی ‌استان‌های ایران: رویکرد رگرسیون انتقال ملایم تابلویی (PSTR)
تمرکززدایی مالی ترکیبی, تحلیل مؤلفه‌های اصلی, الگوی رگرسیون انتقال ملایم تابلویی","اثر سرمایه انسانی بر آلودگی هوا در ایران؛ رهیافت GMM سری زمانی و منطق فازی
سرمایه انسانی, آلودگی هوا, GMM سری زمانی, منطق فازی","تأثیر ساختار مالی بر بی‌ثباتی رشد اقتصادی ایران
توسعه مالی, ساختار مالی, بی ثباتی رشد اقتصادی, ARDL, GARCH"
"بررسی علل تداوم سیاست های تورم زا در ایران از منظر سطح تحلیلی توسعه
اقتصاد سیاسی تورم, تورم, سطح تحلیلی توسعه, تولید محوری","تحلیل نقش بی ثباتی اقتصاد کلان بر نابرابری درآمد در ایران
نابرابری درآمد, بی ثباتی اقتصاد کلان, رهیافت نامتقارن, ایران","پس‌انداز اصیل و چگونگی ارتباط آن با ارزش فعلی مصارف در ایران (1391-1339)
پس‌انداز اصیل, قاعده هارتویک, توسعه پایدار, ایران","تأثیر نوآوری در فنّاوری، رشد اقتصادی، قیمت جهانی نفت خام و باز بودن تجارت بر مصرف انرژی در ایران
تابع تقاضای مارشال, ARDL (خودرگرسیون با وقفه‌های توزیعی), مصرف انرژی, باز بودن تجارت, نوآوری در فنّاوری","بررسی اثر سرمایه انسانی بر ارزش افزوده اقتصادی در ایران و ارائه راهکارهای مناسب جهت ارتقاء آن
ارزش افزوده اقتصادی, سرمایه انسانی, نیروی کار, هزینه‌های آموزشی, روش خودهمبسته با وقفه-های توزیعی","بررسی همگرایی درآمدی و رفاه بین استان های ایران با استفاده از روش خوشه ای
همگرایی, تحلیل خوشه‌ای, استان‌ها, ایران"
"تبیین جایگاه ماتریس حسابداری اجتماعی مالی در تحلیل های اقتصادی
حسابداری ملی, به هنگام سازی, حساب های مالی, صادرات, ایران","برآورد اثر بازگشتی انرژی در گستره اقتصاد ایران
اثر بازگشتی انرژی, مدل فضا حالت, پیشرفت تکنولوژی, ایران","فقر مسکن و تغذیه کودکان در شهر تهران- 1390
ابعاد فقر, نرخ فقر کودکان, نرخ فقر مناطق","برآوردی از درجه عبور نرخ ارز به قیمت های داخلی در اقتصاد ایران: کاربردی از مدل های پارامتر متغیر
عبور نرخ ارز, نوسانات تصادفی, مدل خودرگرسیون برداری با پارامترهای متغیر در طی زمان, تورم, تجزیه واریانس تاریخی","بررسی اثر سیاست افزایش قیمت بنزین و پرداخت یارانه معیشتی بر شاخص قیمت کالاهای مصرفی و رفاه گروه‌های مختلف خانوارهای شهری و روستایی
یارانه پنهان بنزین, یارانه معیشتی بنزین, مدل داده - ستانده, قیمت بنزین و ایران","تحلیل تورم، رشد تولید و پایداری اقتصادی در ایران
تورم, رشد اقتصادی, VAR ساختاری, تورم هسته‌ای, اقتصاد ایران"
"بررسی تأثیر شاخص‌های توسعه انسانی، سیاسی و آزادی‌های مدنی بر کیفیت محیط‌زیست
شاخص توسعه انسانی, شاخص توسعه سیاسی, ردپای اکولوژیکی, فرضیه کوزنتس زیست‌محیطی, گشتاورهای تعمیم‌یافته سیستمی","تحلیل اثر شفافیت بانک مرکزی بر نوسانات نرخ ارز در اقتصاد ایران
شاخص دینسر و ایچنگرین, شفافیت, بانک مرکزی, نرخ ارز, نوسانات","آثار و تبعات اجرای مرحله اول قانون هدفمندسازی یارانه‌ها بر رفاه دهک‌های پایین درآمدی در چارچوب رویکرد تحلیل مسیرساختاری
هدفمندی, شاخص هزینه زندگی, فقر, تحلیل مسیر ساختاری","اندازه دولت و رشد اقتصادی در ایران: رهیافت علیّت گرنجر مارکوف سوئیچینگ
اندازه دولت, رشد اقتصادی, علّیت گرنجر, مارکوف سوئیچینگ, ایران","ارزیابی ریسک فروش نفت به روپیه، یوان و یورو مطالعه موردی درآمدهای نفت ایران
نرخ ارز, درآمدهای نفتی, پیش‌بینی, مدل‌های سری زمانی","بررسی رابطه بین توسعه بخش مالی و اقتصاد زیرزمینی در ایران
اقتصاد زیرزمینی, توسعه مالی, مدل علل چندگانه- آثار چندگانه"
"بررسی اثرات شوک های سیاست پولی بر حباب قیمت سهام: کاربرد روش خودرگرسیون برداری ساختاری با پارامتر متغیر در زمان (TVP-SVAR)
سیاست پولی, نرخ بهره, نقدینگی, حباب قیمت بازار سهام, روش خودرگرسیون برداری با پارامتر متغیر در زمان","کارآیی نظام ملی نوآوری ایران و کشورهای منتخب
نظام ملی نوآوری, تحلیل پوششی داده های دو مرحله ای, خلق ابداعات و اختراعات, تجاری سازی ابداعات و اختراعات, مدل توبیت","مدل سازی دورهای تجاری از نگاه کینزی های جدید با ساختار معادلات تفاضلی (رویکرد سنجی پنل پویا)
مدل سازی دورهای تجاری, کینزین های جدید, معادلات تفاضلی, رونق, رکود","عوامل مؤثر بر نابرابری توزیع درآمد استانی در ایران: رهیافت پانل پروبیت کسری
پانل پروبیت کسری, متغیرهای واکنشی کسری در بازه‌ صفر و یک, ضریب جینی, اقتصاد منطقه‌ای","تعیین اثرشوک بهره وری و شوک نوسان درآمد ارزی بر سبد دارایی خانوار در اقتصاد ایران با رویکرد تعادل عمومی پویای تصادفی D‌SGE
پرتفوی بهینه, سرمایه گذاری, تعادل عمومی پویایی تصادفی, شوک های تصادفی, واکنش های آنی","تغییرات نرخ ارز و اثر آن بر نوسانات متغیرهای منتخب اقتصاد کلان در ایران
نوسان, نرخ ارز, تولید, سپرده, تورم, تجارت, نقدینگی"
"فقر چند‌بُعدی کودکان ایران از منظر اهداف توسعۀ پایدار
شاخص فقر چند‌بُعدی, تحلیل فقر چند‌بُعدی, روش الکایر- فوستر, فقر چند‌بُعدی کودکان","صادرات ضمنی یارانه حامل های انرژی در ایران (1395-1387)
صادرات, یارانه ضمنی, حامل انرژی, داده - ستانده","ارایه الگویی برای تعیین نرخ سود در عقود مبادله ای با استفاده از شبکه‌های عصبی مصنوعی
سود, عقود مبادله‌ای, بانکداری اسلامی, تابع هزینه سایه‌ای, شبکه عصبی مصنوعی","برآورد فرار سرمایه و عوامل مؤثر بر آن در ایران با رویکردی جدید (طی سال‎های 1397-1355)
فرار سرمایه, روش باقیمانده‌ها, اقتصاد ایران","تأثیر پیچیدگی اقتصادی بر عملکرد زیست محیطی در کشورهای منطقه منا
پیچیدگی اقتصادی, عملکرد زیست‌محیطی, منحنی کوزنتس","بررسی نقش سرمایه در اشتغالزایی و افزایش تقاضای نیروی کار در بخش صنعت ایران
موجودی سرمایه, اشتغال, رهیافت پویای تقاضای نیروی کار, الگوی خود توضیحی با وقفه های گسترده (ARDL), بخش صنعت ایران"
"بررسی ابعاد سه‌گانه ریسک اعتباری بانک ها در ایران با تأکید بر موقعیت جغرافیایی بنگاه
تسهیلات بانکی, مطالبات غیرجاری, ریسک اعتباری, مدل داده های پانل سه بعدی","مقایسه روش‌های مختلف پیش‌ بینی رشد اقتصادی ایران با تأکید بر مدل های گزینشی نمودن و متوسط‌ گیری الگوی پویا
پیش‌ بینی, رشد اقتصادی, مدل فضا- حالت, مدل عاملی, متوسط ‌گیری الگوی پویا","تحلیلی اقتصادی از اثر بُعد خانواده بر عملکرد تحصیلی فرزندان
کمیت فرزند, کیفیت فرزند, آموزش","قاچاق کالا و اشتغال در ایران
قاچاق کالا, اشتغال, ایران, شاخص چندگانه- علل چندگانه (MIMIC), آزمون کرانه ای خودرگرسیون برداری با وقفه های گسترده (ARDL Bounding test)","رابطه بین شاخص قیمت صادراتی و رشد اقتصادی ایران: کاربرد الگوی خود رگرسیون برداری ساختاری (SVAR) و گراف های جهت‌دار غیرمدور (DAG)
الگوی خودتوضیح برداری ساختاری, رشد اقتصادی, قیمت صادرات, گراف‌های جهت‌دار غیرمدور","تورم و اندازه دولت در ایران: رویکرد رگرسیون آستانه ای
تورم, اندازه دولت, ایران, رگرسیون آستانه ای"
"بررسی آثار یارانه انرژی بر تحقق توسعه پایدار با استفاده از مدل‌های تصمیم‌گیری چند معیاره MADM و رویکردهای ارزیابی TOPSIS و VIKOR مطالعه موردی کشورهای: ایران، چین، هندوستان، عربستان، روسیه، آلمان، آمریکا و ژاپن
مدل‌های تصمیم‌گیری چند معیاره (MADM), یارانه انرژی, شاخص توسعه پایدار, رویکرد TOPSIS, رویکرد VIKOR","مقایسه ساختار اقتصاد ملی و استانی ایران با استفاده از رویکرد داده-ستانده
رویکرد داده-ستانده, بخش‌های کلیدی ملی, بخش‌های کلیدی استانی, ساختار اقتصاد ایران","تأملاتی در اخلاق اسلامی و آسیب شناسی جرم: رهیافت نظریه بازی ها
اخلاق اسلامی, ‌ امر به معروف و نهی از منکر, نظریه بازی ها, جامعه اسلامی","بررسی تأثیر فساد اداری بر سلامت مالی در نظام بانکی ایران
فساد اداری, فساد مالی, معیارهای سلامت مالی, حق‌الوکاله","تأثیر کمک های رسمی توسعه ای دوجانبه بر توسعه انسانی در کشورهای منتخب آسیایی
خالص کمک های رسمی توسعه ای دوجانبه, شاخص توسعه انسانی, آسیا, حداقل مربعات کاملاً اصلاح شده","بررسی اثر توسعه مالی استانی بر توزیع درآمد استانی در ایران
توسعه مالی, توزیع درآمد استانی, ضریب جینی, نابرابری درآمدی, داده های تابلویی"
"شبیه‌سازی و اعمال اصلاحات پارامتریک جهت بهبود ناترازی مالی نظام بازنشستگی ایران
نظام بازنشستگی ایران, ناترازی مالی, توابع واکنش آنی, اصلاحات پارامتریک","بررسی رابطه بین چرخه‌های اعتباری و چرخه‌های تجاری در اقتصاد ایران
ایران, چرخه اعتباری, چرخه تجاری, هم‌حرکتی, روش خودرگرسیونی برداری ساختاری (SVAR)","بهینه سازی رفتار اقتصادی افراد با توجه به اخلاق متأثر از اعتقاد به معاد
نهاد, ایدئولوژی, زندگانی اخروی, عاملان اقتصادی, اخلاق","تأثیر قیمت دارایی‌های مالی و حقیقی بر سیکل‌های تجاری در ایران: رویکرد رگرسیون انتقال هموار
سیکل‌های تجاری, قیمت دارایی‌ها, مدل غیرخطی, رگرسیون انتقال هموار","تأثیر سرمایه اجتماعی بر مطالبات بانکی از بخش خصوصی و دولتی با تأکید بر کارآیی مخارج دولت
درآمدهای نفتی, نرخ ارز, شاخص بازار سهام, مطالبات بانکی, الگوی 3SLS","بررسی اثر توسعه مالی بر سرمایه انسانی
توسعه مالی, سرمایه انسانی, الگوی خود بازگشت با وقفه‏های توزیعی"
"تعیین بخش‌های کلیدی استان یزد  برمبنای تحلیل داده – ستانده دو منطقه‌ای
بخش‌های کلیدی, برنامه‌ریزی منطقه‌ای, رشد اقتصادی, مدل داده - ستانده, استان یزد","شکاف تکنولوژی و تأثیر سرمایه گذاری مستقیم خارجی بر بهره-وری کل عوامل تولید (مطالعه موردی: صنعت ایران)
سرمایه‌گذاری مستقیم خارجی, شکاف تکنولوژی, رگرسیون آستانه‌ای پانل","بررسی اثر سرمایه انسانی بر جنگ داخلی با احتساب نقش دموکراسی(رویکرد حداقل مربعات تعمیم یافته-پانلی)
میانگین سال های آموزش, دموکراسی, کشمکش های داخلی, حداقل مربعات تعمیم یافته پانلی","واکنش درآمد و مخارج دولت به عدم تعادل بودجه در ایران
مخارج دولت, درآمد مالیاتی, درآمد نفتی, همجمعی آستانه, تصحیح خطای نامتقارن","عدم تقارن آثار تکانه های قیمت نفت بر ریسک اعتباری بانک ها در ایران
خود رگرسیون با وقفه‌های توزیعی غیرخطی پانلی, اثرات نامتقارن, قیمت نفت, مطالبات غیرجاری","تأثیر نااطمینانی تولید بر رشد اقتصادی در ایران
ناطمینانی تولید, رشد اقتصادی, مدل گارچ (GARCH), مدل خودرگرسیون برداری (VAR)"
"تأثیر غیرخطی آستانه ای صادرات با فناوری پیشرفته و متوسط بر بهره‌وری کل عوامل در منتخبی از کشورهای در حال توسعه و توسعه‌یافته: رویکرد رگرسیون انتقال ملایم پانلی (PSTR)
بهره‌وری کل عوامل, صادرات با فناوری متوسط و پیشرفته, کشورهای در حال توسعه و توسعه‌یافته, رویکرد PSTR","اثر یکسان‌سازی نرخ ارز بر فقر در ایران با استفاده از مدل تعادل عمومی قابل‌محاسبه (CGE)
یکسان‌سازی نرخ ارز, خط فقر درونزا, شاخص فقر FGT, مدل تعادل عمومی قابل ‌محاسبه (CGE)","ترتیبات نهادی و توسعه همه جانبه: نقش نوآوری های نهادی در دستیابی به توسعه فناوری و توسعه پایدار
توسعه پایدار, نهاد, نوآوری نهادی, توسعه فناوری","تحلیل پویایی فقر در مناطق شهری ایران بر اساس رویکرد داده‌های تابلویی ترکیبی
اندازه‌گیری فقر, فقر پویا, داده‌های تابلویی ترکیبی, مناطق شهری, ایران","ارزیابی اثرات تنظیم‌گری بورس کالای ایران بر نوسانات قیمت کالاها
تنظیم‌گری, دولت, بورس کالا, مچینگ","رابطه رشد اقتصادی و نابرابری درآمدی بین استان های ایران
رشد اقتصادی, نابرابری درآمدی بین استان ها, ضریب جینی، شاخص تایل"
"پیامدهای نادیده‌گرفتن خانوار غیرریکاردویی بر سیاست پولی بهینه رمزی و متغیرهای کلان (در قالب الگوی DSGE)
تعادل عمومی پویای تصادفی, سیاست بهینه پولی رمزی, خانوارهای ریکاردویی و غیرریکاردویی","اثرات نامتقارن اقتصاد سایه بر توسعه مالی در ایران با رویکرد مدل NARDL
اقتصاد سایه, تأثیر نامتقارن, مدل NARDL","تأثیر اعمال ناقص قانون برنامه چهارم توسعه بر افزایش فقر ناشی از هزینه های کمرشکن سلامت
خط فقر, شاخص فقر فوستر- گریر- توربک, هزینه های کمرشکن سلامت, سلامت در قانون برنامه چهارم توسعه","بررسی بیش‌حساسیت مصرف خانوار با تأکید بر محدودیت نقدینگی در ایران
بیش‌حساسیت, فرضیه درآمد دائمی, هموارسازی مصرف, محدودیت نقدینگی, داده‌های بودجه خانوار","بررسی کارآیی آموزش عالی ایران در راستای دستیابی به توسعه پایدار
آموزش عالی, کارآیی آموزش, توسعه پایدار","بررسی تأثیر تکانه‌های نرخ ارز بر سرمایه‌گذاری و اشتغال در ایران با رهیافت مدل‌های تعادل عمومی قابل محاسبه
نرخ ارز, سرمایه‌گذاری, اشتغال, مدل تعادل عمومی چند منطقه‌ای"
"واکنش سفته بازی در بازار مسکن به شوک های برونزا در ایران
سفته بازی, مسکن, شوک های برونزا, روش MSVAR, ایران","ارزیابی کارآیی زیست محیطی کربن با داده‌های غیردقیق با استفاده از روش تحلیل پوششی داده های فازی (مطالعه موردی: ایران و کشورهای نفت  خیز)
تحلیل پوششی داده های فازی, داده های غیر دقیق, کارآیی زیست محیطی کربن, کشورهای نفتی","به‌کارگیری الگوریتم ریاضی آلمن در حذف عناصر منفی جدول متقارن داده- ستانده با فرض تکنولوژی کالا
جدول متقارن, فرض تکنولوژی کالا, فرض تکنولوژی بخش, الگوریتم ریاضی آلمن","پیش‌بینی رشد بخش کشاورزی ایران: رهیافت داده‌های ترکیبی با تواتر متفاوت (MIDAS)
ایران, پیش‌بینی, رشد کشاورزی, رگرسیون با داده‌های ترکیبی, مدل ARDL","سرمایه گذاری مستقیم خارجی، عامل تعیین کننده توسعه پایدار در کشورهای در حال توسعه و کشورهای دارای بازارهای نوظهور
سرمایه  گذاری مستقیم خارجی, توسعه  پایدار, کشورهای درحال  توسعه, کشورهای دارای بازارهای نوظهور","بررسی اثر توسعه مالی بر کیفیت محیط‌ زیست در ایران
توسعه مالی, کیفیت محیط زیست, انتشار دی‌اکسیدکربن"
"توسعه آموزش عالی و شکاف جنسیتی تحصیل در ایران
توسعه آموزش عالی, سال‌‌های تحصیل, شکاف جنسیتی تحصیل","برآورد قاعده بهینه سیاست پولی ایران در چارچوب مدل‌های هیبریدی
رجحان های بانک مرکزی
قاعده پولی بهینه
کنترل بهینه
برنامه ریزی پویا خطی درجه دو
اقتصاد ایران","اثر سررسید در قراردادهای آتی سکه بهار آزادی مورد معامله در بورس کالای ایران (IME)
اثر سررسید, فرضیه ساموئلسون, فرضیه کوواریانس منفی, اثر جریان اطلاعات, قرارداد آتی","مطالعه اثرات مدل سازی و پیشنهاد رفتار صادرات نفت پساتحریمی ایران در چارچوب تحلیل روابط استراتژیک بازار نفت
بازار نفت
نظریه بازی
اوپک
نرخ تنزیل آتی","نقش عامل های توسعه مالی در چگونگی اثرگذاری قیمت نفت بر روی رانت نفت و رانت گاز در ایران
توسعه مالی, قیمت نفت, رانت نفت, رگرسیون غلتان","رابطه توسعه مالی و نابرابری درآمدی در ایران
توسعه مالی, نابرابری درآمدی, رویکرد آزمون کرانه ها"
"زنجیره‌های جهانی ارزش و بهبود عملکرد زیست‌محیطی در کشورهای در حال توسعه
زنجیره‌های جهانی ارزش, شدت کربن, اقتصادسنجی فضایی, تجارت ارزش‌افزوده","بررسی اثر سیاست‌های پولی بر توزیع درآمد در بخش شهری و روستایی
سیاست‌ پولی, الگوسازی کلان به خرد, ضریب جینی, توزیع درآمد","شناسایی استان های دارای مزیت رقابتی دربخش ""ساخت کک، فرآورده‌های حاصل از تصفیه نفت و سوخت‌های هسته-ای""
جدول داده- ستانده منطقه‌ای, بخش کلیدی, روش سهم مکانی, کد ISIC2","اثر ساختار سنی جمعیت بر امنیت اقتصادی ایران
امنیت اقتصادی, ساختار سنی جمعیت, روش فازی, GMM","اثر تغییرات کیفیت نهادی ناشی از تکانه‌های نفتی بر پویایی اقتصاد کلان ایران
کیفیت نهادی, تکانه‌های نفتی, کشور صادرکننده نفت, الگوی تعادل عمومی پویای تصادفی, ایران.","برآورد موجودی سرمایه و بررسی کارآیی روش‌های مختلف محاسبه آن در بخشهای عمده اقتصادی ایران
موجودی سرمایه, روش موجودی دائمی, روش تابع تولید, ارزش افزوده بالقوه, فیلتر کالمن"
"تحلیل تمیز خوشه های صنایع غذایی بر اساس مؤلفه های اقتصاد دایره ای
اقتصاد دایره ای, صنایع غذایی بوشهر, خوشه بندی, تحلیل تمیز","تأثیر پرداخت‌های کارتی بر توسعه مالی استان های کشور
پرداخت های کارتی, توسعه مالی, داده های پانل, استان ها","شاخص‌های صوری شدن معاملات در عملکرد بانکداری بدون ربا در ایران؛ بررسی موردی: تسهیلات اعطایی شعب بانک تجارت مشهد مقدس
معیار, شاخص, معامله صوری, بانکداری بدون ربا, شعب بانک تجارت مشهد","مطالعه اثرات نااطمینانی نرخ ارز مؤثر واقعی بر ارزش افزوده بخشهای اقتصادی در استان آذربایجان شرقی
نوسانات نرخ ارز مؤثر واقعی, ارزش افزوده بخشهای اقتصادی, تکنیک مارکوف- سوئیچینگ, داده های تابلویی, تکنیک متوسط درون مقطعی ترکیب شده, استان آذربایجان شرقی","آزمون مدل کمیت - کیفیت فرزندان در خانواده های شهری ایران
کمیت فرزندان, کیفیت فرزندان, مشخصه‌های والدین, خانواده های ایرانی","فاصله اقتصادی و رشد منطقه ای در ایران
فاصله اقتصادی, داده های تابلویی پویا, رشد اقتصادی منطقه"
"بررسی مقایسه ای قراردادهای بین‌المللی خدماتی و مشارکت در تولید در صنعت نفت ایران و عراق از منظر کارآیی اقتصادی قراردادها
مشارکت در تولید, قراردادهای جدید نفتی ایران, قراردادهای خدماتی عراق, نظام مالی قرارداد","بررسی عوامل مؤثر بر شدت انرژی با تأکید بر اثر شکست ساختاری در ایران
قیمت انرژی, سرمایه‌گذاری مستقیم خارجی, شدت انرژی, شکست ساختاری, ایران","مدلسازی علل معوق شدن تسهیلات قرض الحسنه در بانک قرض الحسنه مهر ایران
تسهیلات معوق شده, رگرسیون لجستیک, تحلیل تشخیصی, بانک قرض الحسنه مهر ایران","انتخاب بهترین پایه مالیاتی برای تأمین مالی برنامه‌های محرک مالی در ایران با استفاده از الگوی تعادل عمومی پویای تصادفی
برنامه‌های محرک مالی, ضریب فزاینده, مالیات بر ارزش افزوده, مدل تعادل عمومی پویای تصادفی","بررسی عوامل مؤثر بر سوءتغذیه در ایران: کاربرد رهیافت خود رگرسیو با وقفه‌های گسترده
سوءتغذیه, رشد اقتصادی, مخارج بهداشتی, ARDL, ایران","اندازه گیری زیست کارآیی پالایشگاه های نفت ایران با استفاده از روش تحلیل پوششی داده ها
پالایشگاه نفت, آلودگی, زیست کارایی, کارایی فنی, روش تحلیل پوششی داده ها"
"تاثیر منطقه آزاد انزلی بر رشد و توسعه اقتصادی استان گیلان
کنترل ترکیبی, منطقه آزاد انزلی, توسعه منطقه‌ای","سیاست بهینه زیست محیطی، نااطمینانی و کیفیت نهادی: مطالعه موردی ایران
الگوی تعادل عمومی پویای تصادفی, مالیات بر آلودگی, مجوز انتشار آلودگی, رفاه اجتماعی, کیفیت نهادی, ایران","اثرات جریان یافتن پول الکترونیک بر حجم اسکناس و مسکوک در گردش در ایران
پول الکترونیک, کارت های بدهی, پایانه فروش, اسکناس و مسکوک در گردش, مدل خود توضیح با وقفه‌های توزیعی, الگوی تصحیح خطا","ارزیابی عملکرد تثبیتی سیاست ترکیبی پولی و کلان احتیاطی در اقتصاد ایران
سیاست پولی, سیاست کلان احتیاطی, پاداش تأمین مالی, اقتصاد ایران","شناسایی عوامل مؤثر بر باورهای افراد تأثیر گذار در شکل گیری نهادهای رسمی اقتصاد ایران با رویکرد اقتصاد شناختی
اقتصاد نهادی
 اقتصاد شناختی
 باورخودکارآمدی","اثر سرمایه گذاری دولت در بخش ورزش بر رشد اقتصادی در ایران
سرمایه‌گذاری, اقتصاد ورزش, رشد اقتصادی"
"واکاوی اثر تغییر نرخ سود سپرده بانکی بر متغیرهای کلان اقتصاد در چارچوب الگوی اقتصادسنجی کلان ساختاری
سیستم بانکی, الگوی اقتصادسنجی کلان ساختاری, تولید, نرخ سود سپرده بانکی","تحلیل رابطه بین سرقت و نابرابری درآمدی رویکرد بیزین  (مطالعه موردی ایران)
اقتصاد جرم, نابرابری درآمدی, اقتصاد سنجی بیزین","گفتمانی بدیل برای توسعه: رویکرد انسان شناختی به مفهوم توسعه
گفتمان توسعه, انسان شناسی, پسا توسعه گرایی, گفتمان بدیل توسعه","بررسی وضعیت فقر در خانوارهای شهری ایرانطی پنج برنامه توسعه اقتصادی ایران: 1394-1368
خط فقر, شاخص های فقر, عملکرد دولت, خانوارهای شهری","تأثیر رشد کند اقتصادی بر نابرابری توزیع درآمد: با تأکید بر فرضیه توماس پیکتی
رشد اقتصادی, نابرابری درآمدی, نرخ بازدهی سرمایه","اثر غیرخطی تورم بر نابرابری ‌درآمد در ایران
تورم, نابرابری‌درآمد"
"بررسی تأثیر دموکراسی و فساد بر جذب سرمایه گذاری مستقیم خارجی در کشورهای غرب و شرق آسیا
دموکراسی, شاخص ادراک فساد, سرمایه گذاری مستقیم خارجی, کشورهای غرب و شرق آسیا, روش گشتاورهای تعمیم یافته","بررسی و تحلیل اثر تورم بر رابطه بین توسعه مالی و اشتغال در اقتصاد ایران: کاربرد الگوی لاجستیک STR) LSTR)
تورم, توسعه مالی, اشتغال, مدل رگرسیون انتقال ملایم (STR)","برآورد دامنه مطلوب مخارج تحقیق و توسعه درایران:نقد و بررسی سیاست های علمی و فناوری برنامه پنجم
تحقیق و توسعه, اقتصاد ایران, برنامه پنجم توسعه, پژوهش و فناوری","بررسی تأثیر جهش پولی نرخ ارز بر فعالیت های عمده و اصلی اقتصاد در ایران
تئوری جهش پولی نرخ ارز, مدل رشد تعمیم یافته سولو, تکنیک پانل دیتا","تعیین کارآیی و ناکارآیی فاصله ای تولید در زیر بخش زراعت ایران
کارآیی فاصله‌ای, کارآیی خوش‌بینانه, کارآیی بدبینانه, رتبه‌بندی, سودآوری, کشاورزی","بررسی اثرات سیاست قیمت‌گذاری در تولید کلزا در ایران
سیاست قیمت‌گذاری, مازاد تولید‌کننده, سیستم معادلات تقاضا, کلزا"
"تأثیر نهادهای رسمی و غیررسمی بر توسعه کارآفرینی در کشورهای منطقه منا
کنترل فساد, نهادهای رسمی, کارآفرینی, منطقه منا","انتقال نرخ ارز شرطی به قیمت مصرف کننده در ایران: رهیافت DSGE
انتقال نرخ ارز, شاخص قیمت مصرف کننده, مدل تعادل عمومی پویای تصادفی","الگوسازی انتخاب؛ رویکردی نوین برای ارزشگذاری کالاهای زیست محیطی، مطالعه موردی: گنجنامه همدان
الگوسازی انتخاب, آزمون انتخاب, لاجیت شرطی, آزمون هاسمن, گنجنامه همدان
طبقه بندی JEL: Q51","اثرات حذف تعرفه بخش کشاورزی بر اشتغال‌زایی بخش‌های اقتصادی به تفکیک نیروی کار شاغل در بخش خصوصی و عمومی
اشتغال‌زایی بخش خصوصی, اشتغال‌زایی بخش عمومی, تعرفه واردات, جدول داده-ستانده","برآورد ضریب فزاینده سیاست مالی در اقتصاد ایران: کاربردی از مدل‌های خودرگرسیون برداری ساختاری و مارکوف سوئیچینگ
مخارج دولت, مالیات, ضریب فزاینده سیاست مالی, مدل مارکوف سوئیچینگ, ادوار تجاری","تأثیر درآمدهای نفتی بر سرمایه اجتماعی در ایران
درآمد نفتی, سرمایه اجتماعی, رشد اقتصادی, روش ARDL, آزمون باند
طبقه بندی GEL: Q3"
"جهانی سازی، مصرف انرژی و تخریب محیط زیست در ایران: شواهد تجربی از آزمون هم انباشتگی مکی
فرضیه EKC, تخریب محیط زیست, مصرف انرژی, هم انباشتگی مکی","بررسی تأثیر شوک شاخص کل قیمت سهام بر متغیرهای کلان اقتصادی با استفاده از رویکرد DSGE
شاخص کل قیمت سهام, سیاست پولی بهینه, مدل تعادل عمومی پویای تصادفی","مقایسه پیش بینی تورم بر پایه معادلات دیفرانسیل تصادفی با مدل های رقیب
آزمون آشوب, پیش بینی تورم, معادلات دیفرانسیل تصادفی, شبکه های عصبی, مدل های سری زمانی.
طبقه بندی JEL: E37، E47","اندازه گیری شاخص نابرابری چند بعدی در مناطق شهری ایران 1392-1368
نابرابری چند بعدی, ضریب جینی, شاخص آنتروپی, شاخص بورگیگنون","بررسی اثر دسترسی به فناوری اطلاعات و ارتباطات (ICT) بر توزیع درآمد در استان های کشور
دسترسی به فناوری اطلاعات و ارتباطات
نابرابری درآمد
گشتاورهای تعمیم یافته پویا","بررسی اثر سیاست های تأمین اجتماعی بر دستمزد و اشتغال در اقتصاد ایران
دستمزد حقیقی, کسورات تأمین اجتماعی, اشتغال
طبقه بندی JEL: J38"
"طبقه‌بندی استان‌های ایران از منظر شاخص اقتصاد دانش‌بنیان منطقه‌ای با استفاده از الگوریتم خوشه‌بندی k-means و c-means فازی
اقتصاد دانش‌بنیان, شاخص اقتصاد دانش‌بنیان منطقه‌ای, خوشه‌بندی, الگوریتمc-means فازی, الگوریتم k-means","تأثیر یارانه‌ نقدی بر الگوی مخارج خانوارهای شهری و روستایی در ایران
الگوی مخارج خانوار, یارانه‌ نقدی, هزینه- درآمد, پانل دیتا","کفایت (خطّ فقر شریعت)، مقیاسی قوی در دست حاکم برای جلوگیری از کار کودکان
فقر, خط فقر, کار کودک, توسعه انسانی
 طبقه بندی JEL : J08","ارزیابی سازوکار انتقال اثرات سیاست پولی بر بازار سهام در ایران با استفاده از روش خودرگرسیون برداری ساختاری (SVAR)
بازار سهام, سیاست پولی, مکانیسم انتقال پول, شاخص قیمت سهام","عوامل مؤثر بر پایداری و فراگیری توسعه صنعتی در ایران: رویکرد همگرایی و الگوی تصحیح خطای برداری
توسعه صنعتی, فراگیری, پایداری, روش همگرایی","بررسی تأثیر سرکوب مالی بر رشد اقتصادی در بخش کشاورزی مطالعه موردی: ایران (86-1341)
ایران, شکست ساختاری, : سرکوب مالی, رشد بخش کشاورزی, آزمون های همجمعی"
"بررسی اثرناهمگن نرخ ارز بر قیمت‌ها با بکارگیری داده‌‌های خرد شرکت‌های ایرانی
گذر نرخ ارز, درجه واردات محوری, درجه صادرات محوری, محدودیت مالی","اثر دخالت دولت در بخش بانکی روی پایداری مالی این بخش در ایران در دوره 92-1380
سرکوب مالی, پایداری مالی, شاخص z-score","ارایه چارچوبی برای تعیین نرخ سود در عقود مبادله‌ای
: نرخ سود, عقود مبادله‌ای, بانکداری اسلامی, اقتصاد ایران
طبقه‌بندی Jel: G 21","اثرات نااطمینانی نسبت به مخارج دولت بر مخارج مصرفی خانوارها در ایران
هزینه‏های دولت, نااطمینانی, مصرف, نوسان پویا","بررسی عوامل مؤثر بر شدت صادرات صنایع تولیدکننده وسایل حمل و نقل ایران طی دوره (1393-1379) با تأکید بر اثر مالکیت خصوصی
شدت صادرات, مالکیت خصوصی, نرخ ارز حقیقی, صنایع تولیدکننده وسایل حمل و نقل ایران, رویکرد گشتاورهای تعمیم یافته پویا (GMM)","بررسی رابطه بین فقر و توسعه مالی در اقتصاد ایران طی دوره زمانی 1386- 1352
توسعه بخش مالی, کاهش فقر, آزمون علیت دولادو و لوتکپول
طبقه بندی JEL: I30"
"تحلیل تفاوت اثرپذیری تورم از پول درونزا و پول برونزا: رهیافت تحلیل طیفی
تورم, پول درونزا, پایه پولی, نقدینگی, علّیت طیفی","اثر هدفمندسازی یارانه‌ها بر ترکیب هزینه‌ای خانوارها در ایران
رفتار مصرفی خانوار, نظریه‌ انگل, سیستم معادلات به ظاهر نامرتبط, حداقل مربعات تعمیم ‌یافته‌ عملی","بررسی تبدیل نیروگاه های گازی ساده (SCGT) به چرخه ترکیبی (CCGT) و تأثیر آن بر میزان مصرف سوخت های فسیلی
راندمان, توربین گاز, چرخه ترکیبی, سوخت فسیلی, تولید برق","تحلیل رفتار ایران در سازمان اوپک: کاربردی از مدل های مارکف سوئیچینگ
ایران, اوپک, تبانی, رقابتی, مارکف سوئیچینگ","رابطه علیت میان نابرابری درآمدی و جرائم در ایران (93-1363)
جرائم علیه اموال, جرائم خشونت آمیز, نابرابری درآمدی, علیت دوطرفه, آزمون علیت هیسائو","بررسی عوامل مؤثر بر خوداشتغالی در اقتصاد ایران
نرخ بیکاری, خوداشتغالی, مخارج تحقیق و توسعه, نرخ باسوادی, پانل دیتا 
طبقه بندی JEL: E24، J23، Q16"
"برآورد شکاف مصرف آب خانگی در استان‌های برخوردار منتخب: رویکرد پانل فضایی
تقاضای آب, داده‌های ترکیبی, جمعیت","بررسی همگرایی بهره وری انرژی استان های ایران: رویکرد اقتصادسنجی فضایی
همگرایی, بهره وری انرژی, اقتصادسنجی فضایی, اثر سرریز, استان های کشور","تحلیلی از شکل گیری رانت درترکیب درآمد ها در بودجه شهرداری اصفهان با تأکید بر فروش تراکم
رانت‌جویی, شهرداری اصفهان, تخصیص بودجه, فروش‌تراکم","بررسی همگرایی ظرفیت مالیاتی استان‌های منتخب ایران با رهیافت اقتصادسنجی فضایی
ظرفیت مالیاتی, همگرایی, استان‌های کشور ایران, اقتصاد سنجی فضایی","تأثیر نااطمینانی شغلی بر تمایل به فرزندآوری در استان های ایران
نااطمینانی شغلی, بیکاری, نرخ باروری, استان های ایران","اثر تورم بر عملکرد بازارهای مالی در ایران
توسعه مالی, بازار پول, بازار سرمایه, بازارهای مالی, : تورم, حد آستانه"
"رویکرد تنظیم سقف قیمت در راستای ارتقای بهره وری در شرکت های آب و فاضلاب شهری ایران
تنظیم, سقف قیمت, شرکتهای آب و فاضلاب شهری, ایران, عامل x, کیفیت","برآورد تأثیر کاهش یارانه‌‌های بخش کشاورزی بر تولید و اشتغال آن
ماتریس حسابداری اجتماعی, بیکاری, یارانه‌, تولید ناخالص داخلی, بخش کشاورزی","تعیین ساختار واقعی تقاضا از طریق سیستم تقاضای تقریباً ایده آل باکس- کاکس آشیانه ای یا غیرآشیانه ای
دستگاه تقاضای باکس-کاکس, روش رگرسیون های به ظاهر نامرتبط غیرخطی, داده های ادغام شده, تقاضای تقریباً ایده آل, مناطق شهری ایران
طبقه بندی JEL:D1، D12، C01، C23، C51","تأثیر ترجیح زمانی بر رشد اقتصادی
ترجیح زمانی, رشد اقتصادی, تعهد, عدم وجود تعهد","نقش توسعه مالی در اثربخشی سیاست پولی در طی چرخه های تجاری: کاربردی از الگوی مارکوف-سوئیچینگ
سیاست پولی نامتقارن, رشد اقتصادی, توسعه مالی, الگوی مارکوف-سوئیچینگ","برآورد شکاف تولید و تأثیر آن بر نرخ تورم در اقتصاد ایران
: نرخ تورم, شکاف تولید, فیلترینگ هادریک-پرسکات, منحنی فیلیپس نیوکینزی, آزمون پایایی HEGY, آزمون پایایی پرون.
طبقه بندیJEL:"
"بررسی اثر کوتاه مدت آلودگی هوا بر مرگ‌ومیر در شش کلان شهر در ایران
مرگ‌ومیر, آلودگی هوا, قلبی-عروقی, تنفسی, سرطان, گوارشی","تأثیر سیاست های مالیاتی بر پویایی های رشد، سرمایه و مصرف، بر پایه یک مدل رشد بهینه مورد مطالعه: ایران و گروهی از کشورهای شرق آسیا
مدل رشد بهینه, بهینه سازی پویا, سیاست های مالیاتی, مصرف, رشد اقتصادی","سنجش پایداری توسعه گردشگری در جزیره کیش
: توسعه پایدار, گردشگری پایدار, نقشه‏های سنجش پایداری, بارومتر گردشگری پایدار, جزیره کیش.

طبقه‏بندی JEL: C02","بررسی اثرات افزایش درآمدهای نفتی و مدیریت آن بر مسیر بهینه متغیرهای کلان اقتصاد ایران با تکیه بر مدل تعادل عمومی پویا
افزایش درآمدهای نفتی, مدیریت درآمدهای نفتی, صندوق نفت, بیماری هلندی, مدل تعادل عمومی قابل محاسبه پویا","بررسی کارآمدی اوراق مشارکت به عنوان ابزار سیاست پولی بانک مرکزی در ایران: رهیافت نظریه بازیها با رویکرد مدل استکلبرگ
تئوری بازی, مدل استکلبرگ, زیان اجتماعی, اوراق مشارکت","نابرابری درآمد و جرم در ایران
توزیع درآمد, جرم, سرقت, بیکاری, طلاق, نسبت شهرنشینی"
"ارزیابی رابطه هزینه‌های نظامی و درآمدهای نفتی: رویکرد همدوسی موجکی
بار نظامی, درآمدهای نفتی, رشد اقتصادی, سرمایه‌گذاری خصوصی, همدوسی موجکی, ایران","تأثیر هزینه مبادله بر توسعه مالی در کشورهای منتخب اوپک
هزینه مبادله, توسعه مالی, داده های ترکیبی, اوپک","مسئولیت خسارت وارده به مصرف کننده کالای معیوب یا خطرناک در قوانین و مقررات جاری
: حقوق مصرف, کالاهای معیوب یا خطرناک, مسئولیت عرضه کنندگان, مسئولیت تولیدکنندگان. 
طبقه بندی JEL: K 13","بررسی آثار تغییرات نرخ ارز حقیقی مؤثر، صادرات و واردات بر تراز تجاری ایران
نرخ ارز حقیقی موثر, تراز تجاری, مدل تصحیح خطای برداری ( VECM )","تحلیل اثرات متقابل حکمرانی و توسعه در کشورهای صادرکننده نفت
حکمرانی, توسعه, کشورهای صادرکننده نفت, خاورمیانه","بررسی عوامل مؤثر بر سرمایه¬گذاری مسکن در ایران
سرمایه¬گذاری مسکن, الگوی خود توضیح با وقفه های توزیعی (ARDL), سبد دارایی"
"بررسی تأثیر تمرکز جغرافیایی صنایع و توزیع سطح تحصیلات شاغلان بر بهره وری نیروی کار، به تفکیک زیر بخش های صنعت مواد غذایی و آشامیدنی
بهره وری نیروی کار, تمرکز جغرافیایی, توزیع سطح تحصیلات شاغلان, داده های تابلویی","بررسی عملکرد طراحان بودجه در پیش‌بینی درآمدهای دولت در اقتصاد ایران
طراحان بودجه, درآمدهای دولت, خطای پیش‌بینی, معادلات رگرسیونی به ظاهر نامرتبط","تخمین کشش های جانشینی آرمینگتون برای کالاهای منتخب
سازمان تجارت جهانی, کشش¬هایآرمینگتون, کششهایجانشینی, رقابتپذیری کالاها","اثر مالکیت دولتی بانک‏ها بر رابطه علّی توسعه مالی- رشد اقتصادی در ایران
توسعه مالی, خدمات مالی بانکی, مالکیت دولتی بانک‏ها, رشد اقتصادی, آزمون علّیت","واردات قاچاق در ایران: برآورد شاخص، بررسی علل و آثار
قاچاق کالا, تحریم, نرخ ارز دوگانه, روش E-MIMIC","تعیین صنایع استراتژیک اقتصاد ایران
جدول داده- ستانده, اقتصاد ایران, : صنایع استراتژیک, تحلیل عاملی, تاکسونومی عددی"
"بررسی اثر متقابل دموکراسی و امنیت حقوق مالکیت بر فساد مالی در کشورهای منتخب
دموکراسی, امنیت حقوق مالکیت, فساد مالی","اثرات رفاهی افزایش پوشش تأمین اجتماعی در اقتصاد ایران با استفاده از مدل تعادل عمومی قابل محاسبه
مالیات بر درآمد, تأمین اجتماعی, رفاه عمومی, ایران","انتخاب سبد دارایی ها در دوره رکود و رونق مسکن
ریسک, سبد دارایی, بازدهی انتظاری, مرز کارایی, مدل میانگین- واریانس, نرم افزار MATLAB","نظریه طراحی بازار و کاربرد آن در بازار نیروی کار پزشکی ایران (در بخش دولتی)
توزیع مناسب نیروی کار, نیروی کار پزشکی, طراحی بازار, تئوری تطبیق, نظریه بازی‌ها","انباشت سرمایه های ملموس و ناملموس در ایران با تأکید بر نقش رانت منابع طبیعی
سرمایه ملموس و ناملموس, رانت منابع طبیعی, رگرسیون های به ظاهر نامرتبط","تحلیل منطقه¬ای رشد اقتصادی در ایران (با تأکید بر رهیافت 3D)
چگالی جمعیت, فاصله اقتصادی, ناهمگونی مذهبی, پراکندگی قومیتی"
"ساخت سری زمانی بدهی دولت و برآورد نسبت بهینه بدهی دولت به تولید ناخالص داخلی و فضای مالی در اقتصاد ایران
بدهی دولت, رشد اقتصادی, کسری بودجه, فضای مالی","بررسی تطبیقی اقتصاد بخش عمومی در الگوی اقتصادی قانون اساسی جمهوری اسلامی ایران و دولتهای رفاه
اقتصاد بخش عمومی, دولت رفاه, قانون اساسی جمهوری اسلامی ایران, مکتب اقتصادی, نظام اقتصادی, فرهنگ اقتصادی, عدالت اقتصادی","بیکاری و اندازه دولت: آیا رابطه قابل قبولی وجود دارد؟
نرخ بیکاری, اندازه دولت, مدل خودرگرسیون برداری و مخارج دولت","تأثیر افزایش قیمت شیر بر خالص رفاه گروه‌های مختلف درآمدی شهری در ایران
یارانه, تغییر قیمت شیر, تغییر جبرانی, خالص رفاه مصرف‌کننده, گروه‌های مختلف درآمدی","ارزیابی اثر تخصیص منابع صندوق توسعه ملی، به بخش‌های مختلف اقتصادی: تحلیلی در چارچوب الگوی اقتصادسنجی کلان ساختاری
صندوق توسعه ملی, الگوی اقتصادسنجی کلان ساختاری, رشد اقتصادی, شبیه‌سازی پویا, روش ARDL","تأثیر تورم بر رشد اقتصادی در ایران با تاکید بر نااطمینانی
رشد اقتصادی, تورم, نااطمینانی تورم, شکست ساختاری, مدل واریانس ناهمسانی شرطی خود رگرسیو تعمیم یافته (GARCH)"
"نقش حکمرانی خوب در تحقق اقتصاد دانش‌بنیان در ایران (در قالب مدل مارپیچ چهارگانه)
اقتصاد دانش‌بنیان, مارپیچ چهارگانه نوآوری, حکمرانی خوب","بررسی رابطه علّی میان شاخص قیمت تولیدکننده و مصرف کننده در اقتصاد ایران
شاخص قیمت مصرف کننده, شاخص قیمت تولید کننده, هم انباشتگی, علیت گرنجری, ایران","مقایسه مدل خود رگرسیونی واریانس ناهمسان شرطی تعمیم یافته و شبیه سازی مونت کارلو برای تخمین
 ارزش در معرض ریسک پورتفولیوی ارز
ارزش در معرض ریسک, مدل GARCH, شبیه سازی مونت کارلو, سبد ارز","غرامت‌های بیکاری منطقه‌ای در بازار مسکن استان‌های ایران
تفاوت‌های بیکاری منطقه‌ای, بازار زمین و مسکن, پانل دیتا","ارتباط میان بیکاری، توزیع درآمد و تقاضای مؤثر در ایران: رهیافت SVAR پساکینزی
اقتصاد پساکینزی, اشتغال, انباشت سرمایه, توزیع درآمد, ایران","اثر سیاست¬های اقتصادی بر صادرات کشاورزی و صنعتی ایران
مدل تصحیح خطا, سیاست های اقتصادی, صادرات کشاورزی و صنعت"
"طراحی ساز و کار برای یک بازار کارآمد پیوند کلیه در ایران
طراحی سازوکار, طراحی بازار, تئوری تطبیق, مدل مبادله کلیه کارا, الگوریتم به هم‌رسانی","بررسی اثرات صرفه‌های ناشی از تجمع های صنعتی بر رشد اقتصادی در استان‌های ایران (1389-1379)
صرفه‌های ناشی از تجمع محلی, تجمع صنعتی, مدل جغرافیای اقتصادی جدید, رشد اقتصادی, روش گشتاورهای تعمیم یافته, استان های ایران","بررسی منحنی زیست محیطی کوزنتس با ملاحظه پسماندهای جامد شهر تهران
پسماندهای جامد شهری, تخریب زیست محیطی, مدیریت پسماندهای جامد شهری, طرح تفکیک از مبدأ پسماندهای خشک
طبقه بندی JEL:, منحنی زیست محیطی کوزنتس","تحلیل تعادل عمومی اثرات ورود نیروی کار ساده و خروج نیروی کار ماهر در بازار کار ایران
مهاجرت نیروی کار, اشتغال, تعادل عمومی, ماتریس داده‌های خرد","تحلیل اثرات هزینه های تخصیصی دولت در حوزه سلامت و ممانعت از انتشار آلاینده ها بر رشد اقتصادی: رویکرد رشد درونزا
آلودگی هوا, هزینه های عمومی سلامت, رشد اقتصادی, توسعه پایدار","تقاضای پول و حق¬الضرب در ایران: 86-1342
تقاضای پول, حق¬الضرب, پایه پولی, منحنی لافر"
"تأثیر غیرخطی ضریب نفوذ بیمه های زندگی و غیرزندگی بر رشد اقتصادی در ایران
ضریب نفوذ بیمه زندگی, ضریب نفوذ بیمه غیرزندگی, رشد اقتصادی, مدل رگرسیون انتقال ملایم","اثر اندازه دولت بر روی نرخ بیکاری در ایران
نرخ بیکاری, اندازه دولت, همجمعی, آزمون کرانه ها","نهادگرایی وتاثیر نظریه سرل در مورد نهادها برآن
: نهاد, نهادگرایی, نظریه سرل, زبان, گفتمان, شناخت

طبقه بندی JEL: B52","بررسی تأثیر متغیرهای کلان اقتصادی بر رفتار وام‌دهی بانک مسکن
نرخ ارز, نوسانات قیمت سهام, رفتار وام‎دهی بانک مسکن, مدل تصحیح خطای برداری (VECM)","جایگزین سازی درآمد دولت از طریق درآمدهای مالیاتی با طراحی یک مدل تعادل عمومی پویای تصادفی (DSGE)
درآمد مالیاتی, درآمد نفتی, صندوق توسعه ملی, تعادل عمومی پویای تصادفی","بررسی عملکرد تعاونی های تولید در کشاورزی ایران
: تعاونی های تولید, مهاجرت, رضایت شغلی, مشارکت در تولید"
"امکان پذیری تشکیل بازار مجوز انتشار و مبادله های آلاینده های زیست محیطی در صنعت آهن و فولاد در ایران
پیمان کیوتو, کنفرانس پاریس, بازار مجوزها, برنامه سقف انتشار و مبادله, گازهای گلخانه ای, صنعت آهن و فولاد","تأثیر نرخ های بهینه مالیات غیرمستقیم بر رفاه اجتماعی در ایران
نرخ بهینه مالیات بر کالاها و خدمات, سیستم مخارج خطی, رگرسیون‌های به ظاهر نامرتبط, هزینه نهایی رفاه اجتماعی","سازگاری اهداف زیست محیطی و اهداف بهره برداران کشاورزی
الگوی زیست محیطی, آب, کودشیمیایی, سموم, ریسک, درآمد, استان فارس","بررسی رابطه بین کسری بودجه دولت و تراز تجاری در ایران در چارچوب یک الگوی اقتصادسنجی کلان ساختاری پویا
کسری بودجه دولت, تراز تجاری, الگوی اقتصادسنجی کلان ساختاری, شبیه‌سازی پویا","بررسی سهم درآمدی نیروی کار، مارک آپ قیمت و کشش جانشینی سرمایه و نیروی کار (مطالعه صنایع کارخانه ای)
سهم درآمدی نیروی کار, کشش جانشینی بین سرمایه و نیروی کار, تابع تولید CES, مارک آپ قیمت","بررسی و تحلیل تغییرات شاخص تورم در بخش عمومی و بخش سلامت کشور ایران
E31، سلامت, مراقبت های سلامتی, تورم

طبقه بندی JEL: I1"
"بررسی رابطه جانشینی زمان و درآمد بر پایه رویکرد قابلیت انسانی (مورد مطالعه: معلمان مرد شهر تهران)
رویکرد قابلیت, زمان فراغت, فقر درآمدی, فقر زمان, مطلوبیت","اندازه‌گیری هزینه‌های مبادله در اقتصاد ایران (مطالعه موردی: هزینه‌های سرقفلی واحدهای تجاری در شهر کرمانشاه)
هزینه مبادله, سرقفلی, اقتصاد نهادی, کرمانشاه, کارگاه خرده‌فروشی, اقتصاد ایران","بـهبود عملکرد پیش‌بیـنی‌های مالـی با ترکیـب مدلهـای خـطی و غیـرخـطی 
خودرگرسیون میانگین متحرک انباشته و شبکه‌های عصبی مصنوعی
مدلهای خودرگرسیون میانگین متحرک انباشته (ARIMA), شبکه‌های عصبی مصنوعی (ANNs), مدل‌های ترکیبی, بازارهای مالی, پیش‌‌بینی نرخ ارز","بررسی همبستگی پویا بین دارایی های عمده در ایران با استفاده از روش DCC-GARCH
قیمت نفت, قیمت سکه, نرخ ارز, همبستگی پویا","بررسی تأثیر شاخص های حکمرانی خوب بر توزیع درآمد با به کارگیری پانل داده ها (مطالعه موردی: کشورهای منتخب جنوب غربی آسیا)
حکمرانی خوب, توزیع درآمد, پانل داده ها, جنوب غربی آسیا","تأثیر توسعه مالی و آزادسازی تجاری بر رشد اقتصادی در ایران
رشد اقتصادی, توسعه مالی, : آزادسازی تجاری, خود رگرسیونی با وقفه های توزیعی, علیت گرنجر. 
طبقه بندی JEL : .G11، C32، E44، F43"
"تجزیه و تحلیل اثر هدفمندی یارانه‌ها بر مصرف آب خانگی در مناطق شهری کشور (رهیافت سیستم معادلات تقاضا)
آب خانگی, سیستم تقاضای تقریباً ایده آل, هدفمندی یارانه ها, متغیرهای اقتصادی-اجتماعی","تأثیر شوک‏های پولی بر قیمت مواد غذایی در ایران
شوک‏های پولی, قیمت, مواد غذایی, ایران","کاربرد روش شناسی ترجیحات آشکار شده برای آزمون رفتار عقلایی خانوارهای روستایی
اصل تعمیم یافته ترجیحات آشکار شده, تابع مطلوبیت نئوکلاسیک, تئوری افریت, شاخص تعمیم یافته افریت","عوامل مؤثر در توسعه صادرات خدمات با فناوری بالا در جمهوری اسلامی ایران
خدمات با فناوری بالا, صادرات خدمات, رقابت پذیری, ماندگاری, اقتصاد دانش‌بنیان","تأثیر افزایش قیمت حامل های انرژی بر هزینه تخریب آلاینده های هوا در ایران (رویکرد تعادل عمومی محاسبه پذیر CGE)
مصرف حامل های انرژی, انتشار آلاینده های هوا, هزینه تخریب, تعادل عمومی محاسبه پذیر","تأثیر اندازه دولت بر رشد اقتصادی در ایران
مخارج دولت, رشد اقتصادی, خود رگرسیون برداری."
"سیاست پولی و مالی بهینه با اعمال مساله رمزی
مساله رمزی, قاعده فریدمن, سیاست بهینه, تعادل عمومی پویای تصادفی, شبیه سازی","مقدمه‌ای بر تبیین رابطه بین درآمدهای نفتی و بهره‌وری در ایران
دانش, نوآوری, اقتصاد دانش‌محور, بهره‌وری, رانت","بررسی اثر ساختار سنی جمعیت بر پس انداز جامعه
پس انداز ملی, ساختار سنی جمعیت, فرضیه دوران زندگی, همجمعی","تحلیل اثرات تمرکززدایی مالی بر ارتباط متقابل رشد و توزیع عادلانه‌ی منابع مالی در استان‌های ایران (1380- 1386)
دولت‌های محلی, تمرکززدایی, تمرکززدایی مالی, توزیع عادلانه‌ منابع مالی, داده‌های تابلویی","مقایسه مدل تصحیح خطا و رگرسیون فازی برای پیش بینی تولید ناخالص ملی در ایران
پیش‌بینی, رشد اقتصادی, مدل تصحیح خطا, رگرسیون فازی","شکست ساختاری، مصرف انرژی و رشد اقتصادی ایران (1346-1384)
رشد اقتصادی, آزمون ریشه واحد زیوت– اندریوز, آزمون همجمعی گریگوری – هانسن, شکست ساختاری و مصرف انرژی."
"ترجیح زمانی و اکنون‌گرایی در رفتار بین دوره‌ای جوانان ایران (مطالعه موردی دانشجویان دانشگاه مشهد)
رفتار بین دوره‌ای, اکنون گرایی, اقتصاد شناختی, اقتصاد آزمایشگاهی","استخراج منحنی فیلیپس با استفاده از الگوی باز تعادل عمومی پویای تصادفی: مطالعه موردی اقتصاد ایران
منحنی فیلیپس کینزی جدید, تورم, اقتصاد ایران","بررسی آثار تغییر فروض در مدل انتظارات و خنثایی پول لوکاس
خنثایی پول, رابرت لوکاس, منحنی فیلیپس, انتظارات","بررسی اثرات اقتصادی شوک‌های قیمتی نفت و مواد غذایی بر متغیرهای اقتصاد کلان ایران
روش خودتوضیح برداری ساختاری, شوک قیمتی, نفت و مواد غذایی, متغیرهای کلان اقتصادی","برازش تابع تقاضای برق بخش خانگی شهرستان های منتخب استان تهران با استفاده از روش پنل پویا
تقاضای برق بخش خانگی, کشش‌های قیمتی و درآمدی, پنل پویا","تحلیل‌های ساختاری بخش چهارم در اقتصاد ایران
پساصنعتی شدن, جدول داده – ستانده, بخش چهارم, ‌بخشهای اطلاعات اولیه, ‌ الگوی داده – ستانده متعارف, الگوی شبه‌ماتریس, حسابداری اجتماعی, ضرایب فزاینده تولید, ضرایب فزاینده درآمد و ضرایب فزاینده اشتغال."
"بررسی اثر تغییر ساختار سنی جمعیت بر مخارج مصرفی دولت و پیش بینی تحولات آن به روش الگوی داده های ترکیبی با تواتر متفاوت
الگوی داده های ترکیبی با تواتر متفاوت, میداس, ساختار سنی جمعیت, مخارج مصرفی دولت","عوامل مؤثر بر نرخ مشارکت نیروی کار در بازار کار ایران
نرخ مشارکت نیروی کار, مدل لوجیت, عرضه نیروی کار, آموزش عالی, ایران","ارزیابی گسترش اتحادیه تجاری «اکو»
ایران, تجارت بین المللی, اکو, مدل جاذبه","بررسی اثرات اجرای مالیات بر ارزش افزوده بر تورم در اقتصاد ایران در سال 89
مالیات بر ارزش افزوده, تورم, مدل قیمت, داده- ستانده","تأثیر سیاست های پولی بر بیکاری در شرایط نااطمینانی تورم، موردکاوی تجربی ایران ٩٠-١٣٥٣
بیکاری, سیاست های پولی, نااطمینانی تورم, روش های GARCH","بررسی اثرات آزادسازی تجاری بر بخشهای اقتصادی ایران: مدل تعادل عمومی قابل محاسبه
آزادسازی, تعرفه, مدل تعادل عمومی قابل محاسبه."
"آزمون فرضیه کائو و روبین برای اقتصاد ایران: روش رگرسیون هم جمعی کانونی (CCR)
اندازه دولت, هزینه مالیات, فرضیه کائو و روبین, ایران, رگرسیون هم‌جمعی کانونی (CCR)","اثر باز بودن تجاری بر بهره وری کل عوامل تولید در صنایع بزرگ ایران
بهره‌وری کل عوامل تولید, باز بودن تجاری, مصرف انرژی, کارگاه های بزرگ صنعتی, داده های تابلویی","ارائه یک الگوریتم فرا ابتکاری جهت انتخاب سبد سهام با در نظر گرفتن محدودیت های عدد صحیح
مدل میانگین واریانس مارکوویتز, مرز کارا, برنامه ریزی کوآدراتیک, محدودیت‌های عدد صحیح, الگوریتم ژنتیک","انتخاب شاخص‌های ارزیابی در تحلیل پوششی داده‌ها با رگرسیون لجستیک
رگرسیون لجستیک, کارآیی فنی, کارآیی تخصیصی, کارآیی کل","بررسی تحرک مطلق غیر خطی در توزیع درآمدی ایران
نابرابری, پویایی درآمد, رویکرد شبه‌پانل پویا, تحرک درآمدی","تأثیر متغیر های کلان اقتصادی بر بازار بورس ایران
مدل تصحیح خطا, بازار سرمایه, متغیرهای کلان اقتصادی, مدل خود همبسته با وقفه توزیع شده, شاخص قیمت سهام بورس اوراق بهادار, تئوری قیمت گذاری آربیتراژ"
"طراحی الگوی حذف محدودیت زمانی رأی در بازار سیاسی با استفاده از سازوکارهای بازار اقتصادی
بازار اقتصادی, بازار سیاسی, عدم محدودیت زمانی رأی, نظریه رأی دهنده عقلانی آنتونی داونز, الگوی پولی ساموئلسن","بررسی ارتباط میان سرمایه اجتماعی و توسعه انسانی در استان های ایران(1388-1379)
سرمایه اجتماعی, توسعه انسانی, خودرگرسیون برداری پانل دیتا","مقایسه کارکرد مدل لاجیت و روش درختهای طبقه‌بندی و رگرسیونی در فرآیند اعتبار سنجی متقاضیان حقیقی برای استفاده از تسهیلات بانکی
: امتیازدهی اعتباری, ریسک اعتباری, مدیریت ریسک, مهندسی مالی و نمونه گیری بازگردان","مطالعه تطبیقی کیفیت زندگی شهری در ایران
کیفیت زندگی, شهر, مدل ترکیبی توسعه انسانی, مراکز استان ها, ایران","بررسی اثر جبران خدمات بر بهره وری نیروی کار تعاونی های صنعتی کشور
بهره وری, تعاونی های صنعتی, جبران خدمات","تاثیر سیاست های پولی بر فقر و توزیع درآمد
(مطالعه موردی اقتصاد ایران)
: سیاستهای پولی, فقر, توزیع درآمد, تورم"
"تجزیه پویای فقر در طی چهار برنامه توسعه ایران: بر اساس روش جدید تجزیه شش جزئی
تجزیه تغییرات فقر, پویایی های فقر, برنامه های توسعه ایران, روش تجزیه شش جزئی","بررسی تأثیر هدفمندسازی یارانه ‏ها بر بخش کشاورزی ایران (مدل‏سازی ناحیه‏ ای بخش کشاورزی)
ایران, هدفمندسازی یارانه‏ها, مدل‏سازی ناحیه ‏ای بخش کشاورزی, برنامه ریزی ریاضی مثبت, حداکثر بی نظمی","پیش فرضهای تقاضا از نظر برخی اقتصاددانان مسلمان و بازنگری آنها (تحلیل معرفت شناختی مطلوبیت)
تقاضا, مطلوبیت, شناخت, منفعت فردی, مصرف اجتماعی","بررسی اثرات ساختار بازار بر نوآوری و تحقیق و توسعه در صنایع کارخانه‌ای ایران
عناصر بازار, ساختار بازار, رفتار, عملکرد, نوآوری, تحقیق و توسعه, تمرکز, سودآوری, کارآیی, تبلیغات, صنایع کارخانه‌ای, سیستم معادلات همزمان, روش حداقل مربعات دو مرحله‌ای با جزء خطا","بررسی تغییرات سطح فقر و تعیین میزان آسیب پذیری خانوارهای روستایی ناشی از افزایش قیمت جهانی مواد غذایی در ایران
مواد غذایی, رفاه, تغییرات متعدد قیمت, آسیب پذیری, فقر","بررسی اثر کسری بودجه دولت بر مصرف و سرمایه گذاری بخش خصوصی در ایران
کسری بودجه, مصرف بخش خصوصی, سرمایه گذاری بخش خصوصی, اثر اولیه و اثر ثانویه"
"بررسی اهمیت کانال ترازنامه دیدگاه اعتبار در مکانیسم انتقال پولی اقتصاد ایران
کانال ترازنامه, دیدگاه اعتبار, مکانیسم انتقال پولی, رهیافت VAR ساختاری, قیمت دارایی ها","مقایسه اختلاف منطقه‌ای بهره‌وری عوامل واسطه در تولید بخش‌های مختلف اقتصادی
بهره‌وری, عوامل واسطه, داده- ستانده منطقه‌ای","کاربرد تکنیک TOPSIS در اولویت بندی مکانی استقرار صنایع تبدیلی کشاورزی در مناطق روستایی
صنایع تبدیلی کشاورزی, توسعه روستایی","بررسی تأثیر نهادهای خالق بازار و سایر نهادها بر رشد اقتصادی (رویکرد بین کشوری)
نهادهای خالق بازار, نهادهای تنظیم کننده بازار, نهادهای تثبیت کننده بازار و نهادهای مشروعیت بخش به بازار, GMM پویا","بررسی تأثیر نسبتهای مالی حسابداری بر نسبت کفایت سرمایه در شبکه بانکی کشور، مطالعه موردی: بانک های تجاری دولتی، خصوصی و اصل 44
کفایت سرمایه, اهرم مالی, بازده دارایی ها, بازده حقوق صاحبان سهام","بررسی تأثیر مخارج مصرفی و سرمایه ای دولت بر سرمایه گذاری بخش خصوصی
در ایران (84-1350)
سرمایه گذاری بخش خصوصی/ هزینه های مصرفی بخش دولتی / هزینه های سرمایه ای بخش دولتی / هم انباشتگی"
"اثر درونی سازی هزینه آلودگی بر رقابت پذیری صنعت فولاد (مطالعه موردی: شرکت فولاد مبارکه اصفهان)
هزینه منابع داخلی, مزیت نسبی, اثرات خارجی, روش ارزش گذاری مشروط, تمایل به دریافت","اثرات متقابل سرمایه انسانی و نهادها بر فرایند رشد اقتصادی و اشارات آن برای اقتصاد ایران
سرمایه انسانی, نهادها, رشد اقتصادی",,"آزمون تأثیر فناوری‌های مهارت محور بر اشتغال نیروی کار ایران
تابع هزینه, اشتغال, تقاضای نیروی کار ماهر و غیرماهر, واردات فناوری, تحقیق و توسعه
طبقه بندی JEL: O3","بررسی اثر اقتصاد زیرزمینی بر تقاضای واردات ایران به تفکیک گروه کالاهای واسطه ای، مصرفی و سرمایه ای
اقتصاد زیرزمینی, روش منطق فازی, تابع تقاضای واردات","بررسی تأثیر سیاستهای پولی و مالی بر متغیرهای عمده بخش کشاورزی ایران
سیاستهای پولی و مالی, ارزش افزوده, مدل VAR, متغیرهای عمده, بخش کشاورزی"
"تعیین کننده های کلان اقتصادی- اجتماعی نرخ باروری کل (TFR) در ایران؛ با استفاده از الگوی خودهمبسته باوقفه توزیعی (ARDL)
نرخ باروری کل(TFR), تعیین کننده های اقتصادی– اجتماعی باروری, روش های ARDL و ECM, ایران","تأثیر نااطمینانی نرخ ارز واقعی بر بهره‏وری کل عوامل تولید در بخش کشاورزی ایران
بخش کشاورزی, بهره‏ وری کل عوامل تولید, نااطمینانی, نرخ ارز واقعی, ایران",,"ارزیابی پیوندهای بین بخشی با استفاده از روش بردار ویژه (مطالعه موردی: استان تهران)
بخش خدمات, جدول داده- ستانده استان تهران, پیوندهای پسین و پیشین, روش بردار ویژه","اثر فرصت های رانت جویی بر حجم سپرده های بانکی بخش خصوصی در اقتصاد ایران
کلیدی: سپرده های بانکی, رانت جویی, مدل رگرسیون خود توضیح با وقفه های گسترده, اقتصاد ایران","ارزیابی اثرات سیاستهای آزادسازی مالی و تغییرات نرخ بهره بانکی بر توسعه بخش مالی در اقتصاد ایران (با استفاده از تکنیک VECM)
توسعه مالی, اقتصاد ایران, نرخ بهره, آزادسازی مالی"
"عدم تقارن شوک‌های پولی در قالب مدل تعادل عمومی پویای تصادفی
اثرات نامتقارن شوک‌های پولی, تولید ناخالص داخلی, رژیم‌های تورمی, سرمایه‌گذاری, مدل تعادل عمومی پویای تصادفی","سیکل های تجاری اقتصاد آمریکا و مقایسه موردی با اقتصاد ایران
اقتصاد ایالات متحده آمریکا, اقتصاد ایران, سیکل‌های تجاری, خودرگرسیون‌‌برداری",,"تخمین تابع انفاق در ایران
انفاق, تابع انفاق, سرمایه مذهبی","اثرات کوتاه مدت و بلند مدت درآمدهای نفتی بر فساد اقتصادی در ایران
فساد, رانت, درآمدهای نفتی, ایران","بررسی رابطه بین توسعه بازارهای مالی و رشد اقتصادی
رشد اقتصادی, بازار پول, بازار سرمایه, بازار مالی, داده‌‌های تلفیقیPanel Data"
"تخمین سرعت همگرایی کارآیی هزینه در بانکداری ایران طی دوره 1391-1380
کارآیی, تابع مرزی تصادفی, بانک, مدل باتیس و کوئلی, مدل همگرایی سیگما, مدل همگرایی بتا","بررسی همگرایی باشگاهی بین استان‌های ایران طی سال‌های 1379-1388
همگرایی باشگاهی, اقتصاد ایران, حساب‌های منطقه‌ای, درآمد سرانه, آزمون‌های ریشه واحد در داده‌های تابلویی",,"تأثیر اصلاح قیمت حامل های انرژی بر بخش های مختلف اقتصادی با استفاده از جدول داده- ستانده
ایران, شاخص قیمت, حامل های انرژی, جدول داده – ستانده انرژی","مدل ترکیبی شبکه عصبی با الگوی ARIMA جهت پیش بینی مالیات بر ارزش افزوده بر مصرف بنزین در ایران
مالیات بر ارزش افزوده, مصرف بنزین, شبکه عصبی چندلایه, روش ARIMA, روش ترکیبی",
"بررسی تأثیر کسری بودجه و مالیات تورمی بر اجزای طرف تقاضا در اقتصاد ایران
کسری بودجه, تأمین مالی تورمی, مالیات تورمی, همگرایی بلندمدت, ایران","بررسی تأثیر شوک‌های نفتی با تأکید بر اثرات نامتقارن آن بر رشد اقتصادی ایران طی سال‌های 1387-1350
رشد اقتصادی, الگوی خودتوضیح برداری, تجزیه واریانس, بیماری هلندی, شوک‌های قیمت نفت, درآمدهای ارزی حاصل از صادرات نفت",,"تعیین تأثیر رتبه ریسک اعتباری کشور برخالص تحرک بین المللی سرمایه در ایران
ریسک اعتباری, بار بدهی, تحرک سرمایه, شدت نقدینگی, مدل رتبه بندی فینک طبقه بندی JEL:G21","برآورد تابع تولید مناسب برای ایران با وجود نهاده انرژی و تحقیق و توسعه: روش الگوریتم ژنتیک
تابع تولید, تحقیق و توسعه, انرژی, الگوریتم ژنتیک پیوسته, ایران",
"بررسی مقایسه ای ارتباط اندازه دولت و باز بودن تجاری در میان کشورهای عضو D8 و OECD
اندازه دولت, اندازه کشور, باز بودن تجاری, روش پانل دیتا","بررسی عوامل مؤثر بر نوسانات قیمت مسکن در شهر کرمانشاه
نوسانات قیمت مسکن, ‌ مدل خود توضیح با وقفه‌های توزیعی, الگوی تصحیح خطا, کرمانشاه",,"مسیر بهینه سرمایه گذاری، مصرف و تولید ناخالص ملی: کاربرد الگوی رمزی تعمیم یافته در اقتصاد ایران
: رابطه مبادله, الگوی رمزی تعمیم یافته, نرخ رجحان زمانی, کالیبره کردن, تحلیل حساسیت, اقتصاد ایران. 
طبقه بندی JEL: F32","اولویت بندی سرمایه گذاری در بخش خدمات به روش تصمیم گیری تاپسیس فازی، مطالعه موردی:سازمان آ.ت.
تاپسیس, مجموعه فازی, اولویت بندی, بخش خدمات, سرمایه گذاری",
"برآورد تابع مصرف آندو- مودیگلیانی با لحاظ انواع ثروت در ایران
میل نهایی به مصرف و ثروت, درآمد کار, کالای بادوام, مسکن, اوراق بهادار, پس انداز, ایران","تحلیل تأثیر ناهمگونی جمعیت بر رشد منطقه ای در ایران
ناهمگونی, مذهب, قومیت, رشد اقتصادی منطقه",,"بررسی اثرات نوسان قیمت نفت بر رفاه خانوارها در دهک‌های مختلف درآمدی: رهیافت مدل تعادل عمومی قابل محاسبه
مدل تعادل عمومی قابل محاسبه, نوسان قیمت نفت, رفاه خانوارها در دهک‌های مختلف درآمدی.
طبقه بندی JEL : L72","آزمون خنثایی و ابرخنثایی بلندمدت پول در اقتصاد ایران: کل و زیربخش کشاورزی
بخش کشاورزی, تولید ناخالص داخلی, رهیافت فیشر- سیتر, خنثایی و ابرخنثایی بلندمدت پول",
"شناسایی فعالیت های اقتصادی کلیدی استان سیستان و بلوچستان از نظر ایجاد اشتغال و تولید با استفاده از جدول داده - ستانده
داده- ستانده, اشتغالزایی, استان سیستان و بلوچستان, فعالیت کلیدی, شاخص MRI","اثر ساختار نظام مالی بر رشد اقتصادی
ساختار مالی, توسعه مالی, رشد اقتصادی, نظام مالی بازارمحور, نظام مالی بانک محور",,"بررسی همگرایی نوع بتا بین ایران و کشورهای منتخب اسلامی
همگرایی بتا, کشورهای اسلامی, اقتصادسنجی سری زمانی, شکست ساختاری, درآمد سرانه.
طبقه بندی JEL: C22","ارتباط بین اندازه تحصیلات و شغل در ایران: کاربرد مدل وردوگو- وردوگو
تحصیلات فرانیاز, تحصیلات فرونیاز, مدل وردوگو- وردوگو, طبقه ‌بندی مشاغل ISCO",
"بررسی عوامل مؤثر بر کارآیی زیربرداری آب در تولید محصول گندم تلفیق شبکه عصبی مصنوعی تابع پایه شعاعی و مدل توبیت
شبکه عصبی مصنوعی تابع پایه‌ شعاعی, کارآیی زیربرداری آب, مدل توبیت, زرقان","رابطه پول و تورم در اقتصاد ایران: شواهدی بر اساس مدل P*
تورم, تولید بالقوه, شکاف تولید, سرعت گردش پول, شکاف سرعت گردش پول, فیلتر هودریک- پرسکات",,"بررسی اثرات خصوصی سازی از طریق بازار بورس اوراق بهادار بر روی رشد اقتصادی در ایران با رویکرد سیستم دینامیکی
رشد اقتصادی, خصوصی سازی, بازار سهام","رشد صنعت و خروج بنگاه‌های صنعتی: رهیافت مدل شبکه‌های عصبی مصنوعی
رشد صنعت, خروج بنگاه صنعتی, شبکه عصبی مصنوعی, برنامه سوم توسعه",
"ارزش گذاری اقتضایی و ارزیابی تأثیر سیاست های گسترش بیمه های اجتماعی درمان بر تمایل به پرداخت خانوارهای کم درآمد در بخش غیررسمی اشتغال
بیمه اختیاری درمان, جمعیت فعال در بخش غیررسمی, شاخص اقتصادی- اجتماعی سلامت, پوشش کشوری بیمه درمان","مدل‌سازی نرخ واقعی ارز ایران با استفاده از مدل چرخشی خود بازگشتی مارکف(MSAR)
: نرخ ارز واقعی, مدل اتورگرسیو چرخشی مارکف, نظریه برابری قدرت خرید, رژیم چرخشی مارکف",,"آزمون رابطه به شکل منحنی آرمی میان اندازه دولت و رشد اقتصادی در ایران: روش رگرسیون آستانه
رشد اقتصادی, اندازه دولت, منحنی آرمی, رگرسیون آستانه, تابع تولید دو بخشی رتی رام 
طبقه بندی C22، E62، O40، O53 : JEL","تجزیه و تحلیل خسارت‌های رفاهی ناشی از آلودگی‌های زیست محیطی در ایران (با رویکرد دینامیک سیستم)
رشد اقتصادی, آلودگی, خسارت‌های رفاهی ناشی از آلودگی, پویایی‌های سیستم, اقتصاد ایران",
"برآورد منحنی فیلیپس مرکب کینزین های جدید برای اقتصاد ایران
منحنی فیلیپس مرکب کینزین‌های جدید, شکاف تولید, فیلتر کالمن, فیلتر هودریک- پرسکات, فیلتر باند- پس","طراحی الگوی عملیاتی تأمین مالی بخش صادرات با استفاده از صکوک در اقتصاد ایران
صکوک, صادرات, کالا و خدمات فنی و مهندسی, تأمین مالی اسلامی, ایران",,"بررسی همگرایی اقتصادی کشورهای منطقه منا (2008-1980)
همگرایی, شکست ساختاری, سری زمانی, آزمون ریشه‎ واحد داده‎های تابلویی, منطقه منا","بررسی اثر تروریسم بر جذب سرمایه گذاری مستقیم خارجی در کشورهای منتخب خاورمیانه
""سرمایه گذاری مستقیم خارجی"", ""تروریسم"", ""ریسک سیاسی"", ""خاورمیانه""",
"رقابت ایران، روسیه و قطر برای دستیابی به بازار گاز هندوستان
صادرات گاز, نظریه بازی‌ها, رقابت, بازار گاز","بررسی اثر حاکمیت مالی بر نرخ تورم اقتصاد ایران در چارچوب یک مدل تعادل عمومی پویای تصادفی (DSGE)
حاکمیت مالی, تورم",,"بررسی اثر شاخص های کلان اقتصادی بر مطالبات معوق بانک ها
نرخ قصور, شاخص های اقتصاد کلان, استرس تست","مدلی پویا برای آتی های صنعت نفت ایران
آتی های نفت, مشتقات نفت, ثمرات رفاهی نفت, ریاضیات مالی و مدل های ریاضی",
"بی ثباتی اجتماعی و رشد اقتصادی: تحلیلی بر اساس الگوی ARDL
آسیب های اجتماعی, تهدیدات اجتماعی, بی ثباتی اجتماعی, رشد اقتصادی, الگوی ARDL","برآورد اقتصاد سایه‌ای ایران (1386 – 1349) با استفاده از مدل‌سازی فازی چند مرحله‌ای
اقتصاد سایه‌ای, منطق فازی, استنتاج فازی, توابع عضویت",,"آلودگی هوا و عوامل مؤثر بر آن (مطالعه موردی انتشار SPM و SO2 در صنایع تولیدی ایران)
آلودگی هوا, صنایع تولیدی ایران, داده های تابلویی, مصرف انرژی","نقش متوسط سالهای تحصیل در روند رشد اقتصادی کشورها (رویکرد بارو و لی در سنجش سرمایه انسانی)
سرمایه انسانی, رشد, بارو و لی, آموزش",
"مقایسه مصرف کالاهای اساسی خانوارهای فقیر و متوسط قبل و بعد از نقدی سازی یارانه ها
یارانه های نقدی, کالاهای ضروری, خانوارهای فقیر و متوسط","اثر آزادسازی تجاری بر رفاه شرکای تجاری با استفاده از مدلGTAP (مطالعه موردی: ایران)
آزاد سازی تجاری, تجزیه رفاه اقتصادی, تغییر معادل, تخصیص کارا, رابطه مبادله, انحراف مالیاتی, مدل جیتپ",,"بررسی تأثیر پس¬انداز خانوار بر درآمد خانوار و تولید ناخالص داخلی (مدل تعادل عمومی پویا)
تولید ناخالص داخلی, پس¬انداز خانوار, درآمد خانوار, مدل تعادل عمومی محاسبه¬پذیر","رابطه کوتاه‌ مدت و بلندمدت بین انتشار دی اکسید کربن، مصرف انرژی و رشد اقتصادی: شواهد جدید در ایران
انتشار دی اکسید کربن, مصرف انرژی, رشد اقتصادی, علیت, ایران",
"بهینه یابی تأمین منابع انرژی با هدف تولید برق، چشم انداز ایران در افق 1404
انرژی‌های تجدیدپذیر, انرژی‌خورشیدی, الگوی بهینه, بهینه‌سازی استوار, ایران","تجارت درون صنعتی ایران با بلوک‌های منطقه‌ای (مطالعه بخش صنعت)
تجارت درون صنعتی, بلوک‌های منطقه ای, بخش صنعت, داده‌های پانل پویا, مقیاس اقتصادی و روش گشتاورهای تعمیم یافته",,"برآورد روند هزینه های مبادله در اقتصاد ایران با رویکرد منطق فازی
اقتصاد ایران, هزینه مبادله, شکست بازار, روش منطق فازی","مدل سازی ناخطی شکست های ساختاری تابع تقاضای پول در ایران با نگرش فازی
متغیرمجازی دودوای, متغیر مجازی فازی, شکست ساختاری, تابع عضویت, رگرسیون انتقال هموار",
"گسترش حق رأی، دموکراسی و نابرابری درآمدها: یک الگوی نظری و برخی شواهد از ایران
دموکراسی, حق رأی, نرخ بهینه‌ مالیاتی, توزیع مجدّد, نابرابری","بازار کار دوگانه در چارچوب یک مدل تعادل عمومی پویای تصادفی برای اقتصاد ایران
مدل تعادل عمومی پویای تصادفی, بازار کار دوگانه, اشتغال غیررسمی",,"بررسی رابطه توزیع تسهیلات بانکی با متغیر های عمده اقتصادی و اجتماعی بخش کشاورزی: مطالعه موردی استان فارس
: تسهیلات بانکی, اعتبارات کشاورزی, متغیرهای اقتصادی و اجتماعی","توزیع اندازه بنگاه و روند تغییرات آن در بنگاه‌های جدیدالورود صنعت تولید نساجی با استفاده از روش‌ ناپارامتریک: 84-1376
اندازه بنگاه, روش‌های ناپارامتریک, تابع چگالی کرنل, صنعت تولید منسوجات",
"بررسی اثرات متقابل سطح تمرکز، سودآوری، تحقیق و توسعه و تبلیغات در صنایع کارخانه‌ای ایران
عناصر بازار, ساختار, رفتار, عملکرد, نوآوری, تحقیق و توسعه, تمرکز, سودآوری, تبلیغات, صنایع کارخانه‌ای, تصحیح خطای برداری, هم انباشتگی","آثار نقدینه کردن یارانه های برق بر شاخص قیمت ها در ایران با استفاده از مدل تعادل عمومی قابل محاسبه (CGE)
قیمت انرژی الکتریکی, یارانه, شاخص قیمت ها, پرداخت نقدی, مدل تعادل عمومی قابل محاسبه",,"مطالعه تأثیر بحران های طبیعی بر پس انداز در ایران
پس انداز, بحران طبیعی, خسارت, روش ARDL","کاربرد اقتصاد سنجی فضایی در بررسی عوامل موثر بر صادرات محصولات کشاورزی در کشورهای عضو اکو: رهیافت داده های تابلویی
: اقتصادسنجی فضایی, صادرات محصولات کشاورزی, کشورهای حوزه اکو, روش ایستا و پویا, داده های تابلویی.
طبقه بندی JEL: F11",
"شبیه سازی تابع مصرف و پیش‌بینی میزان مصرف ایران تا افق 1404 با استفاده از الگوریتم ژنتیک و الگوریتم بهینه سازی انبوه ذرات (PSO)
الگوریتم ژنتیک, الگوریتم بهینه سازی انبوه ذرات, شبیه سازی, مدل مصرف, درآمد دائمی, درآمد نسبی","برآورد عوامل مؤثر بر عرضه مسکن ایران: کاربرد مدل رشد تک مرکزی با روش GMM
عرضه مسکن, قیمت مسکن, هزینه مصالح ساختمانی, روش گشتاورهای تعمیم یافته
طبقه بندی JEL: C32",,"تاثیر نفت بر نماگرهای اقتصاد کلان ایران: با تأکید بر مکانیزم‌های انتقال و آثار
رشد اقتصادی, ایران, توزیع درآمد, درآمد نفت","بررسی اثر ارزش محصول واسطه گری بانک های تجاری بر بی ثباتی اقتصادی ایران طی سال های86-1360
بانک تجاری, بی ثباتی اقتصادی, ارزش محصول بانک, واسطه گری مالی",
"تأثیر انواع تسهیلات اعتباری بر اشتغال تعاونی‌های صنعتی کشور
اشتغال, تعاون, تسهیلات اعتباری, صنعت","پویایی رشد بنگاه ها در صنعت بیمه ایران
: توزیع اندازه بنگاه ها, رشد بنگاه, رگرسیون داده های تلفیقی, شرکت های بیمه",,"مقیاس رقابت پذیری بانکهای تجاری ایران با تاکید بر عملکرد بخش بین المللی
رقابت پذیری, عملکرد, عملکرد بانک, عملکرد مالی, عملکرد غیرمالی

طبقه بندی JEL: M21 و M31","تأثیر سیاست‎های دولت بر میزان تورم در ایران: کاربردی از فرایند یادگیری در چارچوب انتظارات عقلایی
سیاست پولی, : انتظارات عقلایی, فیلتر کالمن, انتظارات تورمی, مدل فضا – حالت, فرآیند یادگیری",
"بررسی اثر‎گذاری تغییرات ساختار سنی جمعیت بر درآمد سرانه در ایران به تفکیک کانال‎های اثرگذاری
ساختار سنی جمعیت, درآمد سرانه, الگوی خودرگرسیون با وقفه‌های توزیعی (ARDL)","بررسی تأثیر رفاه اجتماعی و فناوری اطلاعات و ارتباطات بر رشد اقتصادی، مطالعه موردی: استان‏های کشور
رشد اقتصادی, فناوری اطلاعات و ارتباطات, رفاه اجتماعی, شکاف دیجیتالی, داده های تابلویی.
 طبقه بندیO47 :JEL",,"بررسی تاثیر هزینه‌های مختلف دولت بر اشتغال غیر‌کشاورزی و فقر در مناطق روستایی ایران
زیرساخت های روستایی, فقر روستایی, اشتغال غیرکشاورزی.
طبقه بندی JEL: O18, هزینه‌های دولت","ایجاد، تخصیص، توزیع، مصرف و پس انداز درآمد ارزی حاصل از مخارج گردشگری بین المللی در بخش های مختلف اقتصادی استان اصفهان
ارزش افزوده, مخارج ارزی, گردشگر بین المللی, ماتریس حسابداری اجتماعی, درآمد
طبقه بندیJEL : F14، G20، P25",
"بررسی و محاسبه ارزش در معرض ریسک بازده سهام دو صنعت کانه‌های فلزی و صنایع دارو با استفاده از آنالیز موجک و مدل‌های سری زمانی
ریسک, ارزش در معرض ریسک, شبه‌پارامتریک, ارزش احتمالی کوپیک, بازار بورس اوراق بهادار","تحلیل عوامل مؤثر بر توزیع فعالیت های اقتصادی در شهر اصفهان
شهر, تنوع, تخصص, تجمیع محلی, تجمیع شهری, توزیع فعالیت های اقتصادی
 طبقه بندی JEL: R12",,"بررسی تأثیر به کارگیری دانش آموختگان آموزش عالی بر رشد اقتصادی ایران
رشد اقتصادی, سرمایۀ انسانی, آموزش عالی, همگرایی, تصحیح خطای برداری.
طبقه بندی JEL: O53","بررسی تأثیر حجم سرمایه R&D داخلی و موجودی سرمایه خارجی بر ارزش افزوده در صنایع متوسط و بزرگ ایران
: حجم سرمایه R&D داخلی, موجودی سرمایه خارجی, صنایع متوسط و بزرگ ایران, داده های تابلویی.
طبقه بندی JEL: C23",
"تحلیل تأثیر یارانه بیمه صادراتی بر صادرات غیر نفتی
صادرات غیرنفتی, یارانه بیمه صادرات, الگوی خود توضیحی با وقفه‌های گسترده (ARDL)","تخمین اقتصاد سایه ای و بررسی اثرات آن روی آلودگی هوا مطالعه موردی: اقتصاد ایران
آلودگی هوا, : اقتصاد سایه ای, مدل علل چند گانه- آثار چند گانه, نرم افزار لیزرل.
طبقه بندی JEL: E26",,"بررسی تاثیر افزایش قیمت انرژی برق بر خالص رفاه گروه‌های مختلف درآمدی در ایران
 (1383-1346)
خالص رفاه مصرف‌کننده, تغییر جبرانی, گروه‌های مختلف درآمدی, تغییر قیمت برق, یارانه","توزیع اندازه بنگاه‌‌های صنایع تولیدی و روند تغییرات آن
توزیع اندازه بنگاه, دینامیزم صنعتی, صنایع تولیدی ایران.
طبقه بندی JEL: N65",
"هزینه تأمین مالی و سطح نقدینگی مورد نیاز بنگاه‌های تولیدی؛ مطالعه موردی: شرکتهای تولیدی پذیرفته شده در بورس اوراق بهادار
تقاضای پول, نرخ سود, سیاست پولی, رفتار بنگاه, داده‌های تابلویی","تعیین پیوندهای بین بخشی در اقتصاد ایران با استفاده از روش حذف فرضی
پیوند پسین و پیشین, بخش کلیدی, ضریب فزاینده تولید, ضریب همبستگی رتبه ای, روش حذف فرضی
طبقه بندی JEL: C67-N6-O5",,"بررسی تأثیر نوسانات شوک های ارزی و قیمتی بر شاخص قیمت سهام بورس اوراق بهادار تهران با استفاده از رهیافت خود رگرسیون برداری
شاخص قیمت سهام, شوک های ارزی و قیمتی, خودرگرسیون برداری","رفتار های غیر خطی در رابطه بین رشد اقتصادی و صادرات: مطالعه موردی کشور های حاشیه دریای خزر
صادرات, علیت گرنجر, : رشد اقتصادی, مدل غیر خطی انتقال ملایم, کشور های حاشیه دریای خزر",
"بررسی عوامل مؤثر بر تورم با تأکید بر نقش انتظارات گذشته‌نگر و آینده‌نگر
انتظارات تورمی, منحنی فیلیپس, نرخ ارز, پول, شکاف تولید","چسبندگی قیمت و دستمزد و سیاست پولی در اقتصاد ایران
مدل تعادل عمومی پویای تصادفی, کالیبراسیون(مقداردهی) در الگوهای DSGE, چسبندگی قیمت و دستمزد",,"رابطۀ تورم و رشد نقدینگی در اقتصاد ایران؛ گسست یا پایداری؟
تورم, منحنی فیلیپس, رشد نقدینگی, پول پایه, تورم انتظاری, اقتصاد ایران","اثرات کمک های رسمی توسعه ای بر رفتار مالی دولت در کشورهای منتخب در حال توسعه آسیایی
دولت, کمک های رسمی توسعه ای, کشورهای در حال توسعه
طبقه بندی JEL: C5",
"تأثیر حاکمیت شرکتی بر عدم تقارن اطلاعاتی مطالعه موردی: بازار بورس اوراق بهادار تهران
عدم تقارن اطلاعاتی, حاکمیت شرکتی, بازار بورس اوراق بهادار","شاخص شرایط پولی مناسب برای اقتصاد ایران
شاخص شرایط پولی, کانال اعتبارات, سیاست پولی, آزمون های غیر آشیانه ای ایران. 
طبقه بندی JEL: E52",,"اثرات نوسان پذیری نرخ ارز بر صادرات محصولات کشاورزی در کشورهای مختلف
صادرات, ایران, نوسان پذیری نرخ ارز","اثرات رفاهی نقدینه کردن یارانه‌های انرژی الکتریکی بر اقتصاد ایران
یارانه, تولید ناخالص داخلی, پرداخت نقدی, مدل تعادل عمومی قابل محاسبه, GAMS.
طبقه بندی JEL: .Q43",
"تحلیل تعادل عمومی محاسبه‌پذیر اثرات رفاهی اصلاح یارانه حامل‌های انرژی: شاخص تغییرات معادل هیکس
مدل تعادل عمومی محاسبه‌پذیر, اصلاح یارانه, قیمت حامل‌های انرژی, رفاه, تغییرات معادل هیکس","بررسی رابطه متغیرهای طرف تقاضا و عرضه موثر بر بخش مسکن بر قیمت مسکن در ایران
مسکن, قیمت مسکن, نرخ سود سپرده‌های بانکی, مدل خودرگرسیونی برداری, ایران.
طبقه‌بندی :JEL R31",,"اندازه گیری کارآیی برخی هتلهای شهر تهران 
با استفاده از روش تحلیل پوششی داده ها (DEA)
تحلیل پوششی داده ها, کارآیی فنی, کارآیی مقیاس, هتل","بررسی روند تحولات اقتصاد سایه ای در ایران (مقایسه نرم-افزار های مدل سازی آموس گرافیک و لیزرل )
اقتصاد سایه, مدل یابی معادله ساختاری, مدل علل چند گانه- آثار چند گانه, نرم افزار آموس گرافیک, نرم افزار لیزرل. 
طبقه بندی JEL: E26",
"تخصیص درآمدهای حاصل از طرح هدفمندی یارانه ها به بخشهای تولیدی: پیامدهای توزیع درآمدی گزینه‌های مختلف برای خانوارهای ایرانی
طرح هدفمندی یارانه‌ها, ضرایب فزاینده درآمدی, ماتریس حسابداری اجتماعی, ایران","نقش رقابت در تحولات بهره وری بخش صنعت
ساختار بازار, رقابت, تلاش مدیریتی, بهره وری, صنعت, عملکرد بنگاه.
طبقه بندی JEL : J50",,"اولویت بندی عوامل موثر بر قیمت نفت خام های صادراتی ایران (2005-1979)
نفت خام . نفت خام صادراتی . قیمت گذاری . سیاستهای بازاریابی نفت خام","بررسی اعتبار قانون واگنر و دیدگاه کینزی برای اقتصاد ایران: یک تجزیه و تحلیل سری زمانی
واژگان کلیدی: قانون واگنر, دیدگاه کینز, بخش عمومی, علیت هسیائو, ایران 
طبقه بندی JEL: H10",
"تاثیر حمایت از حقوق مالکیت فکری وحق اختراع بر رشد اقتصادی ایران
حقوق مالکیت فکری, پتنت, رشد اقتصادی, ایران, مدل خودهمبسته با وقفه های توزیعی(ARDL)","تجزیه عوامل مؤثر بر انتشار CO2 در صنعت ایران
محیط زیست, انتشار CO2, صنایع ایران, تجزیه عوامل",,"بررسی روند تحولات اقتصاد سایه ای در ایران: رویکرد DYMIMIC
اقتصاد سایه ای, رویکرد پویا, معادله ساختاری, شاخصهای چندگانه","عوامل اقتصادی و اجتماعی مؤثر بر جذب سرمایه گذاری مستقیم خارجی با تاکید بر شاخص‌های حکمرانی در دوره زمانی 2007-1996
سرمایه گذاری مستقیم خارجی, شاخص حکمرانی, شاخص آزادی اقتصادی, شاخص پایداری محیطی, منطقه منا.
طبقه بندی JEL : F 21",
"کاربرد تحلیل پوششی داده ها (DEA) در ارزیابی کارآیی نسبی و رتبه بندی شعب بانک رفاه استان لرستان و مقایسه نتایج آن با روش TOPSIS
ارزیابی عملکرد, کارآیی, تحلیل پوششی داده ها, رتبه بندی","بررسی رابطه هزینه تحقیقات و بهره وری تولیدات کشاورزی در ایران
مخارج تحقیقات کشاورزی, بهره وری, ریشه واحد, خود رگرسیونی برداری(var)",,"بررسی مولفه‌های موثر بر رقابت‌پذیری بنگاه‌ها در ایران
رقابت پذیری, رقابت‌پذیری بنگاه, رویکرد سازه ای, رویکرد رفتاری, مولفه‌های تشکیل دهنده و تاثیرگذار, مولفه‌های راهبردی وعملیاتی","نقش کیفیت نهادها و سرمایه انسانی در پدیده بلای منابع (مطالعه موردی کشورهای صادرکننده نفت)
پدیده بلای منابع, کیفیت نهادها, سرمایه انسانی",
"ارزیابی و تحلیل شکاف کیفیت خدمات بر اساس الگوی کیفیت خدمت سلسله مراتبی در بانک کشاورزی
کیفیت خدمت, شکاف کیفیت خدمت, الگوی کیفیت خدمت سلسله مراتبی","بررسی عوامل مؤثر بر سن ازدواج زنان در ایران؛ یک رویکرد اقتصادی
ایران, سن ازدواج زنان, رویکرد اقتصادی, رگرسیون کاکس",,,"هدفمند کردن یارانه حامل های انرژی و تحلیل تقاضای پویای نهاده انرژی در صنایع کارخانه ای ایران
مدل¬های پویای نسل سوم, تقاضای نهاده, صنایع کارخانه¬ای ایران, انرژی",
"تحلیل اثر سرمایه اجتماعی فعالان اقتصادی در پایداری جامعه غیررسمی؛ مطالعه موردی: محله شمیران نو
سرمایه اجتماعی, توسعه پایدار اقتصادی, پایداری اقتصاد محله, فعالان اقتصادی, محله غیررسمی شمیران نو","بررسی عامل شکاف بین دستمزد نیروی کار بخش کشاورزی و غیر کشاورزی در ایران
شکاف دستمزد, تجارت بین الملل, تئوری هاسکل, نسبت قیمت",,,"آزمون نظریه بارو – ریکاردو در تابع مصرف ایران
ایران, کسری بودجه, تابع مصرف, بارو – ریکاردو",
"سنجش و ارزشگذاری عوامل مؤثر بر انتخاب مسکن با استفاده از روش انتخاب تجربی از دیدگاه خانوارهای ساکن در بافت فرسوده شهر اصفهان
ترجیحات اظهار شده, تمایل به پرداخت, روش انتخاب تجربی, نظریه مصرف کننده لانکستر, مدل لوجیت, مسکن, بافت فرسوده.
طبقه بندی JEL:D11","تحلیل تجربی میزان انتقال اثر نرخ ارز بر قیمت صادرات غیرنفتی ایران
اقتصاد ایران, صادرات غیرنفتی, مدل انتقال اثر نرخ ارز, شاخص قیمت صادرات",,,"بررسی تأثیر سیاست¬های ارزی در توسعه صادرات غیر نفتی کشور (با تأکید بر سیاست پیمان ارزی و سیاست تک نرخی ارز)
نرخ ارز, صادرات غیر نفتی, سیاست های ارزی, سیاست پیمان ارزی, سیاست تک نرخی ارز",
"کاربردی از نظریه بازی ها در اقتصاد اسلامی
اقتصاد اسلامی, ‌ غرر, اطلاعات نامتقارن
طبقه بندی JEL: Z12","بررسی اثر عدالت بین زمانی بر رشد اقتصادی با تأکید بر نقش ارجحیت زمانی، مطالعه موردی: اقتصاد ایران
رشد اقتصادی, ارجحیت زمانی, تنزیل, عدالت بین زمانی, بهینه یابی پویا",,,"مدلی برای پیش بینی دستکاری قیمت سهام در بورس اوراق بهادار (مورد مطالعه: در بورس اوراق بهادار تهران)
بورس اوراق بهادار تهران, دستکاری قیمت, نقدشوندگی سهام, شفافیت اطلاعات, حد نوسان قیمت, سهام شناور آزاد, رگرسیون لاجیت",
"نرخ تعرفه و فرار مالیاتی در واردات ایران از شرکای مهم تجاری: در سطح داده های 6 رقمی، برمبنای الگوی داده های تلفیقی
: اختلاف تجاری, قاچاق, نرخ تعرفه, فرار مالیاتی, داده های تلفیقی
طبقه بندی : F13","طراحی یک مدل تعادل عمومی پویای تصادفی نیوکینزی برای اقتصاد ایران به عنوان یک کشور صادر کننده نفت
مکتب نیو¬کینزی, مدل تعادل عمومی پویای تصادفی, اقتصاد صادر¬کننده نفت",,,"رویکردی نو به برآورد شاخص رفاه در ایران با استفاده از منطق فازی طی سالهای 1385 – 1353
توزیع درآمد, منطق فازی, تابع رفاه, درآمد سرانه, شاخص رفاه",
"اندازه گیری فقر چند بعدی در شهر تهران
فقر چند بعدی, نظریه اطلاعات, خط فقر تجمیع شده, اجزای تشکیل دهنده خط فقر, محرویت نسبی","متنوع سازی صادرات و بهره وری در صنایع کشور
پانل دیتا, متنوع سازی صادرات, زیربخش های صنعتی",,,"مقدمه ای بر نظریات ویلیامسون و کاربرد آن در تحلیل مسایل توسعه ایران
اقتصاد ایران, اقتصاد نهادگرای جدید, اولیور ای ویلیامسون, اقتصادتوسعه, اقتصادهزینه مبادله, روش شناسی",
"برآورد تابع سرمایه گذاری q توبین در شرایط اصطکاک مالی
Q توبین, سرمایه گذاری, تأمین مالی, اصطکاک مالی","بررسی ریشه های مالی تورم در ایران (با تأکید بر کسری بودجه)
کسری بودجه, C22، تورم, خودرگرسیون برداری(VAR)
طبقه بندی JEL : E31",,,"تحلیلی بر کارآفرینی در 70 سال اخیر ایران (مطالعه موردی :عملکرد یک کار آفرین نمونه)
بهره وری, اقتصاد ایران, کارآفرینی, مرحوم عالی نسب",
"ارزیابی بهره‏وری و تحلیل حساسیت عوامل مؤثر بر کارایی صنایع کوچک
تحلیل حساسیت, ارزیابی عملکرد, تحلیل مولفه‏های اصلی, تحلیل پوششی داده‏ها, صنایع کوچک
 طبقه بندی JEL: O12و CO2","بررسی کارآیی کشورهای اسلامی در بخش بهداشت و آموزش با استفاده از روش تحلیل پوششی داده‌ها (DEA)
: هزینه‌های آموزشی, هزینه‌های بهداشتی, کارآیی, تحلیل پوششی داده‌ها.
طبقه بندی JEL: I18",,,"برآورد موجودی سرمایه در زیربخش های کشاورزی ایران و چگونگی شکل گیری آن در برنامه های توسعه
: موجودی سرمایه, ماشین آلات, ساختمان های کشاورزی, روش موجودی پیوسته, جدول داده-ستانده

طبقه بندی JEL : B41 C63",
"حذف یارانه سوخت و بررسی آثار آن بر تولید، هزینه و سطوح قیمتها در خراسان رضوی
یارانه سوخت, تولید, هزینه, شاخص قیمت, مدل تعادل عمومی قابل محاسبه, خراسان رضوی","تأثیر مالیات وصادرات براشتغال بخش کشاورزی ایران
مالیات مستقیم, صادرات, اشتغال, مدل خودتوضیح برداری با وقفه های گسترده",,,"تحلیل روند تغییر تکنولوژی در صنعت سیمان ایران
: بهره‌وری, تغییر تکنولوژی, تابع ترانسلوگ, صنعت, سیمان.
طبقه بندی JEL: O33",
"بررسی همگرایی اقتصادی و همزمانی چرخه های تجاری در گروه شانگهای
مدل جاذبه, همگرایی اقتصادی, همزمانی چرخه های تجاری, گروه شانگهای","تاثیر رابطه مبادله و نرخ ارز واقعی بر کسری بخش تجارت خارجی اقتصاد ایران
کسری بخش تجارت خارجی, رابطه مبادله, نرخ ارز واقعی, الگوی تصحیح خطای برداری ساختاری",,,"تأثیر توسعه مالی بر فقر و نابرابری در کشورهای عضو اوپک (OPEC)
توسعه مالی, فقر و نابرابری, مدل های پویا و استاتیک پانل, گشتاورهای تعمیم یافته (GMM)",
"سطح تکنولوژی و احتمال خروج بنگاه های جدیدالورود صنایع تولیدی ایران با استفاده از مدل مخاطره کاکس
صنایع تولیدی ایران, خروج بنگاه, سطح تکنولوژی, پنل نامتوازن, مدل مخاطره کاکس","ارزیابی تغییرات بهره وری کل عوامل تولید در بورس اوراق بهادار تهران با استفاده از شاخص تورنکویست
تحلیل پوششی داده‌ها, بهره‌وری عوامل تولید, بورس اوراق بهادار و شاخص تورنکوئیست",,,"تعیین اولویت های کاربرد ذخایر گازی ایران (دوره مطالعه 1410-1385).
اقتصاد نفت و گاز, ذخایر گازی, سیاست انرژی, تزریق گاز, صادرات گاز.",
"آزمون ناپارامتری رفتار حداکثرسازی سود در صنعت بانکداری ایران
: اصل ضعیف حداکثرسازی سود, صنعت بانکداری, تابع تولید, آزمون ناپارامتری","اثرتجارت و توسعه بازار بر رشد اقتصادی
 مطالعه موردی ایران و شرکای تجاری اش در سالهای 2005-1995
رشد اقتصادی, تجارت, توسعه بازار, آزادی تجاری",,,"رقابت پذیری صنعت فلزات اساسی ایران
شاخص مزیت نسبی صادرات(RXA), شاخص مزیت نسبی تجارت(RTA), شاخص پلان تجاری(TM), : مزیت رقابتی, شاخص سهم پایدار بازار(CMS), صنایع فلزات اساسی, ایران.",
"بررسی رابطه تورم و بازده سهام بورس اوراق بهادار تهران: ارزیابی فرضیه جانشینی فاما
تورم, بازده سهام, فرضیه فیشر, سپر تورمی, فرضیه فاما
طبقه بندی JEL:G11","تاثیر شوک‌های نفتی بر قیمت مسکن در ایران
شوکهای نفتی, مسکن, بیماری هلندی, عدم تقارن",,,"ارزیابی کارایی فنی تولید گندم در ایران
 (با استفاده از دو رهیافت پارامتریک و ناپارامتریک)
: کارایی فنی, تابع مرزی تصادفی, تحلیل پوششی داده‌ها, کارایی مقیاس, گندم, ایران",
"بررسی حداقل معاش مناطق شهری و روستایی استان کرمانشاه و مقایسه با کل کشور (86-1374)
حداقل معاش, خط فقر, سیستم مخارج خطی, استان کرمانشاه, ISUR
طبقه بندی D11 :JEL","بررسی عوامل تعیین کننده سرمایه‌گذاری خصوصی در ایران 
با روش خود توضیح برداری
سرمایه‌گذاری خصوصی, تولید ناخالص داخلی, تجزیه واریانس, حقوق مالکیت, ‌ قوانین و مقررات و امنیت اجتماعی",,,"رقابت پذیری دانش محوردر ایران
مدل تصحیح خطا, رقابت‌پذیری, رقابت پذیری دانش محور, اقتصاد دانش محور, بهره‎وری نیروی کار, - آزمون هم گرایی",
"ارزیابی سیاست های آب کشاورزی از منابع آب زیرزمینی مدل برنامه ریزی مثبت(PMP) مطالعه موردی شهرستان اقلید
آبیاری زیر زمینی, برنامه ریزی ریاضی مثبت, سیاست آب, مدیریت تقاضای آب","عوامل مؤثر بر درجه قیمت گذاری انحصاری و تأثیر آن بر بهره وری
  در صنایع ایران
انحصار, اضافه بها, بهره وری, تمرکز سرمایه و آزاد سازی",,,"بررسی عوامل تاثیر گذار بر قصد سرمایه گذاری سرمایه گذاران حقیقی در بورس اوراق بهادار تهران
مالیه رفتاری, قصد سرمایه گذاری, نظریه انگیزش, نظریه مطلوبیت
JEL: G11",
"تحلیل رفتار خانوارها در مقوله ارث: مطالعه موردی شهروندان سیستان و بلوچستان داده های پانل (85-1380)
ارث, رفتار خانوار, پانل داده, سیستان و بلوچستان","بررسی اثر مالیات حقوق بر توزیع درآمد در ایران
توزیع درآمد, اقتصاد ایران, نرخ مالیات بهینه, مالیات بر حقوق, مدل های EGR",,,"سنجش بخش‌های اطلاعات اولیه در اقتصاد ایران: اندازه، اهمیت و قلمرو فعالیتهای آن
بخش های اطلاعات, بخش‌های اطلاعات اولیه, بخش‌های اطلاعات ثانویه, جدول داده- ستانده, ضرایب شدت اطلاعات اولیه",
"بررسی آثار اقتصادی الحاق ایران به سازمان تجارت جهانی و پذیرش کپی رایت در کوتاه مدت، برعرضه و تقاضای کتاب در ایران
ایران, سازمان تجارت جهانی, عرضه و تقاضای کتاب, کپی رایت, سازمان مالکیت فکری","تأثیر مخارج دفاعی بر رشد اقتصادی و اثر غیر مستقیم آن بر
 مصرف خصوصی در ایران ( بررسی مدل طرف عرضه اقتصاد )
رشد اقتصادی, صادرات, نئوکلاسیک, مخارج دفاعی, سرمایه‌گذاری, نیروی کار, دولت, مصرف, اثرات غیر مستقیم",,,"آزاد سازی تجاری (با تاکید بر کاهش نرخ تعرفه) و تاثیر آن بر نابرابری دستمزدها: استفاده از رهیافت الگوی تعادل عمومی قابل محاسبه
آزادسازی تجاری, نابرابری دستمزدها, تعادل عمومی محاسبه پذیر",
"تعیین حد آستانه ای سهم حق الضرب پول از GDP با درنظر گرفتن تأثیر آن بر رشد اقتصادی «مورد کاوی تجربی ایران1345 - 1386»
رشد اقتصادی, کسری بودجه, حق¬الضرب, حد آستانه¬ای","بررسی منابع نوسانات کلان اقتصادی ایران با تاکید بر نرخ واقعی ارز 
طی سالهای 84-1349
متغیرهای کلان اقتصادی, نرخ ارز, الگوی خود رگرسیونی ساختاری",,,"بررسی مدل های چانه زنی در صادرات گاز طبیعی ایران
 به اروپای غربی با رویکرد مدل VECM
چانه زنی, قیمت گذاری, رقابت, هم انباشتگی",
"تأثیر نرخ ارز بر صادرات غیرنفتی ایران به کشورهای منتخب خاورمیانه (ترکیه، امارات، عربستان، کویت، پاکستان)
تولید ناخالص داخلی, نرخ ارز, پانل دیتا, صادرات غیرنفتی, نسبت قیمتها","استفاده از روش دلفی فازی برای تعیین سیاستهای مالیاتی کشور
مالیات, سیاست مالیاتی, منطق فازی, متغیر زبانی, روش دلفی فازی",,,"شناسایی چگونگی روشهای تأمین منابع مالی نظام سلامت کشورهای منتخب در فاصله سالهای 2004-1998 و ارائه سازوکارهای تولید منابع مالی جدید در نظام سلامت ایران
منابع مالی نظام سلامت, کل مخارج سلامت, مخارج عمومی دولت, بخش خصوصی",
"بررسی رابطه علّی عوامل تأثیرگذار درتقاضای مسکن شهری استان تهران
مسکن, علیت گرنجر, هیسائو, سیمز","بررسی اثر رشد اقتصادی بر آلودگی هوا
رشد اقتصادی, محیط زیست, آلودگی هوا, منحنی زیست محیطی کوزنتس",,,,
"خدمات گردشگری در کشورهای گروه 8-D شناسایی توانایی ها و مزیت ها در این کشورها
ایران, توان تجاری, تجارت دو جانبه, روش برآورد ساده, گروه هشت کشور اسلامی در حال توسعه","تحقق رشد بهره‌وری کل عوامل به کمک مدلهای تعمیم‌یافته تحلیل پوششی داده‌ها، به همراه مطالعه موردی در شرکت ملی نفت ایران
بهره‌وری کل عوامل, تحلیل پوششی داده‌های معکوس, تغییرات کارایی, تغییرات تکنولوژی",,,,
"برآورد ارزش هوای پاک و تعیین عوامل مؤثر بر تمایل به پرداخت ساکنان شهر تهران
تمایل به پرداخت, تهران, کیفیت هوا, هکمن دو مرحله¬ای",,,,,
"تعیین قیمت سایه ای آلاینده های هوا در نیروگاه های کشور
قیمت سایه ای, آلودگی, نیروگاه ها, تابع مسافت نهاده",,,,,
"تجزیه و تحلیل تأثیر نوع سیستم ارزی بر تقاضا و ترکیب ذخایر ارزی کشورهای در حال توسعه (2004- 1975)
مدل تصحیح خطا, : تقاضای ذخایر ارزی, پانل دیتا, سیستم ارزی, مدلهای قیمت گذاری دارایی سرمایه ای, ترکیب ذخایر ارزی, کشورهای در حال توسعه",,,,,
"مقایسه مدل شبکه های عصبی مصنوعی با روش های رگرسیون لجستیک و تحلیل ممیزی در پیش بینی ورشکستگی شرکت ها
پیش بینی ورشکستگی, شبکه عصبیِ مصنوعی, رگرسیون لجستیک, تحلیل ممیزی",,,,,
"توسعه نظریه مارکوویتز ـ شارپ و مرزکارای جدید مطالعه موردی : شرکت های سیمانی بورس تهران
خط بازار سرمایه, مرز کارای میانگین ـ واریانس جدید, مرز کارای میانگین ـ واریانس, مدل قیمت گذاری دارایی های سرمایه ای, ریسک سیستماتیک, ریسک غیر سیستماتیک",,,,,
"تدوین استراتژی اثربخش سازمانی در بخش دولتی : مطالعه موردی گمرک جمهوری اسلامی ایران
مزیت رقابتی, : استراتژی, برنامه ریزی استراتژیک, گمرک جمهوری اسلامی ایران",,,,,
"بررسی عدم‌کارایی تخصیصی و آثار آن بر جانشینی نهاده‌ها در بخش صنعت
: انحراف قیمت, عدم کارآیی تخصیصی, تابع هزینه سایه‌ای, بازار نهاده, بخش صنعت, کشش.
طبقه بندی JEL : C30",,,,,
"تحلیل تسرّی نوسانات قیمت مسکن بین مناطق مختلف شهر تهران با استفاده از الگوی خود رگرسیون فضایی تلفیقی 
 (SAR Panel) و الگوی تصحیح خطای برداری(VECM)
بازارهای منطقه ای مسکن, اثر موجی, مدل خود رگرسیون فضایی تابلویی, مدل تصحیح خطای برداری
طبقه بندیJEL : R31، R12",,,,,
"برآورد تمایل به پرداخت بازدیدکنندگان مجموعه تاریخی پاسارگاد و تحلیل عوامل مؤثر بر آن: کاربرد روش ارزش گذاری مشروط (CVM)
: ارزش گذاری مشروط, تمایل به پرداخت, کالای تاریخی, مجموعه تاریخی پاسارگاد.
طبقه بندیQ57 : JEL",,,,,
"تخمین تابع تقاضای تماشای لیگ برتر فوتبال ایران
اقتصاد ورزش, تقاضای فوتبال, لیگ برتر, تقاضا",,,,,
"بررسی ارتباط بین سرمایه گذاری مستقیم خارجی، تجارت و رشد در چارچوب یک الگوی خود توضیح با وقفه های گسترده (ARDL)
: همجمعیARDL, مدل تصحیح خطا, سرمایه‌گذاری مستقیم خارجی, تجارت.",,,,,
"ارزیابی سیاست مالیاتی ایران از جنبه فقر و نابرابری:آیا سیاست مالیاتی به نفع فقیر بوده است؟
رفع فقر, نابرابری اتکینسون, کشش رفاه, شاخص اصلاح رفاه, سیاست مالیاتی به نفع فقیر",,,,,
"اثر فراریت بازار سهام بر تقاضا و سرعت گردش پول در ایران
: فراریت, تقاضای پول, بازارسهام, بازار پول",,,,,
"""اقتصاد سیاسی"" به عنوان یک ""برنامه پژوهشی
اقتصاد سیاسی, نهادگرایی جدید, حکومت‌گرایی, انتخاب عمومی و انتخاب جمعی, چندگانه گرایی, رسته‌گرایی, برنامه پژوهشی, کمربندی محافظ, هسته سخت.",,,,,
"شناسایی و مدلسازی اثرات تقویمی بورس اوراق بهادار تهران
با استفاده از مدل های ARCH و GARCH
: اثرات تقویمی, بازار کارآ, نوسان پذیری, همبستگی سریالی, مدل های GARCH",,,,,
"کاربرد متغیر های ابزاری و روش حداقل مربعات دو مرحله ای با داده های تابلویی
در 
بررسی رابطه تعاملی جریان تجاری و سرمایه گذاری مستقیم خارجی
: سرمایه گذاری مستقیم خارجی, داده های تابلویی",,,,,
"برآورد تابع تقاضای آب خانگی در شهر زاهدان
تقاضای آب – تابع مطلوبیت استون – گری, آب مصرفی",,,,,
"بررسی سودآوری قواعد مبادلاتی میانگین متحرک در بورس اوراق بهادار تهران
قواعد مبادلاتی تکنیکال, بورس اوراق بهادار تهران",,,,,
"توقف بنگاه‌های صنعتی و عوامل مؤثر بر آن
مطالعه موردی بنگاه‌های صنعتی کوچک و متوسط استان یزد طی برنامه سوم توسعه: 83-1379
تعطیلی بنگاه, گروه صنعت, اندازه بنگاه, سن بنگاه, سرمایه اولیه",,,,,
"برآورد آثار کمی اجرای موافقتنامه تجاری اکو (ECOTA) بر توسعه تجارت ‌ایران
موافقت‌نامه تجاری سازمان همکاری ‌اقتصادی, ایجاد ‌تجارت, انحراف ‌تجارت, توسعه ‌تجارت ‌ایران",,,,,
"بررسی عملکرد کارایی صنعت دامداری درسطح کشور
(رهیافت:تحلیل پوششی داده های بازه ای)
دامداری, کارایی, تحلیل پوششی داده های بازه ای, واحد تصمیم گیرنده",,,,,
"اثر فناوری اطلاعات و ارتباطات ( ICT ) 
بر رشد اقتصادی کشورهای عضو اوپک(OPEC)
رشد اقتصادی, فناوری اطلاعات و ارتباطات(ICT), کشورهای عضواوپک",,,,,
"تحلیل هزینه _ فایده آموزشهای فنی و حرفه ای در ایران
(مراکز ثابت آموزشی)
آموزشهای فنی و حرفه ای / تحلیل هزینه و فایده / نرخ بازده داخلی / نرخ بازده آموزش",,,,,
"خوداشتغالی درمقابل بیکاری(مورد ایران)
: خوداشتغالی, نرخ بیکاری, بازار کار",,,,,
"کاربرد شبکه های عصبی مصنوعی در 
زمان بندی معاملات سهام: با رویکرد تحلیل تکنیکی
زمان بندی معاملات سهام, ‌ شبکه های عصبی مصنوعی, تحلیل تکنیکی, شاخصهای تکنیکی, روش خرید و نگهداری",,,,,
"ارائه مدل ریاضی جهت اندازه‌گیری بهره‌وری سوخت در بخش حمل و نقل زمینی
بهره وری, حمل و نقل زمینی, سوخت, الگوی خود رگرسیونی برداری",,,,,
"بررسی عوامل موثر بر تقاضای پزشک عمومی و پیش بینی تعداد پزشک عمومی تا سال 1390
پزشک عمومی, کشش, تابع تقاضا, پیش بینی, برنامه ریزی نیروی انسانی",,,,,
